source,target,weight,n_events,year,latest_date,examiner_cited
D0550278,D0550759,1,1,2007,2020-11-12T00:00:00,True
D0551699,D0554694,1,1,2007,2021-02-01T00:00:00,True
D0538335,D0549280,1,1,2007,2020-01-24T00:00:00,True
D0549280,D0556258,2,2,2007,2020-08-18T00:00:00,True
D0549280,D0557334,2,2,2007,2020-08-18T00:00:00,True
D0544907,D0556253,3,3,2007,2017-09-22T00:00:00,True
D0544907,D0558262,4,4,2007,2017-09-22T00:00:00,True
D0556253,D0558262,3,3,2007,2017-09-22T00:00:00,True
D0537470,D0538842,1,1,2007,2018-11-16T00:00:00,True
D0537470,D0538843,1,1,2007,2018-11-16T00:00:00,True
D0537470,D0539334,1,1,2007,2018-11-16T00:00:00,True
D0537470,D0539837,1,1,2007,2018-11-16T00:00:00,True
D0537470,D0545886,1,1,2007,2018-11-16T00:00:00,True
D0537470,D0552669,1,1,2007,2018-11-16T00:00:00,True
D0538842,D0538843,1,1,2007,2018-11-16T00:00:00,True
D0538842,D0539334,1,1,2007,2018-11-16T00:00:00,True
D0538842,D0539837,1,1,2007,2018-11-16T00:00:00,True
D0538842,D0545886,1,1,2007,2018-11-16T00:00:00,True
D0538842,D0552669,1,1,2007,2018-11-16T00:00:00,True
D0538843,D0539334,1,1,2007,2018-11-16T00:00:00,True
D0538843,D0539837,1,1,2007,2018-11-16T00:00:00,True
D0538843,D0545886,1,1,2007,2018-11-16T00:00:00,True
D0538843,D0552669,1,1,2007,2018-11-16T00:00:00,True
D0539334,D0539837,1,1,2007,2018-11-16T00:00:00,True
D0539334,D0545886,1,1,2007,2018-11-16T00:00:00,True
D0539334,D0552669,1,1,2007,2018-11-16T00:00:00,True
D0539837,D0545886,1,1,2007,2018-11-16T00:00:00,True
D0539837,D0552669,1,1,2007,2018-11-16T00:00:00,True
D0545886,D0552669,1,1,2007,2018-11-16T00:00:00,True
D0545886,D0545887,2,2,2007,2021-11-22T00:00:00,True
D0536374,D0540855,2,2,2007,2020-08-18T00:00:00,True
D0536374,D0549280,2,2,2007,2020-08-18T00:00:00,True
D0536374,D0556258,2,2,2007,2020-08-18T00:00:00,True
D0536374,D0557334,2,2,2007,2020-08-18T00:00:00,True
D0540855,D0549280,2,2,2007,2020-08-18T00:00:00,True
D0540855,D0556258,2,2,2007,2020-08-18T00:00:00,True
D0540855,D0557334,2,2,2007,2020-08-18T00:00:00,True
D0540855,D0541337,1,1,2007,2019-06-27T00:00:00,True
D0556258,D0557334,2,2,2007,2020-08-18T00:00:00,True
D0534579,D0549771,1,1,2007,2022-03-01T00:00:00,True
D0534579,D0552170,2,2,2007,2022-03-01T00:00:00,True
D0534579,D0554698,2,2,2007,2022-03-01T00:00:00,True
D0534579,D0535325,1,1,2007,2023-04-14T00:00:00,True
D0549771,D0552170,1,1,2007,2022-03-01T00:00:00,True
D0549771,D0554698,1,1,2007,2022-03-01T00:00:00,True
D0552170,D0554698,2,2,2007,2022-03-01T00:00:00,True
D0536726,D0542333,2,2,2007,2020-02-13T00:00:00,True
D0536726,D0542834,2,2,2007,2020-02-13T00:00:00,True
D0536726,D0543231,2,2,2007,2020-02-13T00:00:00,True
D0536726,D0545882,2,2,2007,2020-02-13T00:00:00,True
D0542333,D0542834,2,2,2007,2020-02-13T00:00:00,True
D0542333,D0543231,2,2,2007,2020-02-13T00:00:00,True
D0542333,D0545882,2,2,2007,2020-02-13T00:00:00,True
D0542834,D0543231,2,2,2007,2020-02-13T00:00:00,True
D0542834,D0545882,2,2,2007,2020-02-13T00:00:00,True
D0543231,D0545882,2,2,2007,2020-02-13T00:00:00,True
D0536370,D0542337,1,1,2007,2019-10-18T00:00:00,True
D0536370,D0544530,1,1,2007,2022-11-09T00:00:00,True
D0543232,D0543582,1,1,2007,2018-08-10T00:00:00,True
D0541332,D0545355,1,1,2007,2022-06-06T00:00:00,True
D0544903,D0547361,1,1,2007,2020-12-07T00:00:00,True
D0544903,D0553669,1,1,2007,2020-12-07T00:00:00,True
D0547361,D0553669,1,1,2007,2020-12-07T00:00:00,True
D0547361,D0554694,1,1,2007,2017-10-27T00:00:00,True
D0555194,D0555195,2,2,2007,2017-09-22T00:00:00,True
D0551700,D0555195,1,1,2007,2017-09-22T00:00:00,True
D0548272,D0548273,2,2,2007,2022-04-13T00:00:00,True
D0548272,D0555716,1,1,2007,2022-04-13T00:00:00,True
D0548272,D0558257,2,2,2007,2022-04-13T00:00:00,True
D0548272,D0557735,1,1,2007,2022-04-13T00:00:00,True
D0548273,D0555716,1,1,2007,2022-04-13T00:00:00,True
D0548273,D0558257,2,2,2007,2022-04-13T00:00:00,True
D0548273,D0557735,1,1,2007,2022-04-13T00:00:00,True
D0555716,D0558257,1,1,2007,2022-04-13T00:00:00,True
D0544532,D0548776,1,1,2007,2018-02-22T00:00:00,True
D0536730,D0542838,1,1,2007,2020-03-05T00:00:00,True
D0546376,D0546377,2,2,2007,2019-01-07T00:00:00,True
D0544906,D0557738,1,1,2007,2017-10-19T00:00:00,True
D0537114,D0544907,1,1,2007,2017-09-07T00:00:00,True
D0537114,D0558262,1,1,2007,2017-09-07T00:00:00,True
D0538333,D0540375,2,2,2007,2020-02-06T00:00:00,True
D0535324,D0548278,1,1,2007,2020-03-05T00:00:00,True
D0535324,D0552167,1,1,2007,2020-03-05T00:00:00,True
D0535324,D0553184,1,1,2007,2020-03-05T00:00:00,True
D0535324,D0540852,1,1,2007,2022-12-29T00:00:00,True
D0548278,D0552167,1,1,2007,2020-03-05T00:00:00,True
D0548278,D0553184,1,1,2007,2020-03-05T00:00:00,True
D0552167,D0553184,1,1,2007,2020-03-05T00:00:00,True
D0537477,D0538338,2,2,2007,2021-08-05T00:00:00,True
D0537477,D0547368,2,2,2007,2021-08-05T00:00:00,True
D0537477,D0551286,2,2,2007,2021-08-05T00:00:00,True
D0538338,D0547368,2,2,2007,2021-08-05T00:00:00,True
D0538338,D0551286,2,2,2007,2021-08-05T00:00:00,True
D0547368,D0551286,3,3,2007,2021-08-06T00:00:00,True
D0544525,D0550759,1,1,2007,2022-08-22T00:00:00,True
D0534582,D0535688,1,1,2007,2020-03-20T00:00:00,True
D0538840,D0545352,1,1,2007,2023-02-14T00:00:00,True
D0557735,D0558257,1,1,2007,2022-04-13T00:00:00,True
D0540849,D0550277,1,1,2007,2021-11-26T00:00:00,True
D0550277,D0552669,1,1,2007,2017-09-08T00:00:00,True
D0536365,D0547362,1,1,2007,2017-08-03T00:00:00,True
D0556250,D0557733,1,1,2007,2020-01-27T00:00:00,True
D0537475,D0554698,2,2,2007,2022-02-25T00:00:00,True
D0577061,D0583860,1,1,2008,2019-02-15T00:00:00,True
D0568381,D0583857,1,1,2008,2023-02-14T00:00:00,True
D0570405,D0572751,1,1,2008,2022-10-26T00:00:00,True
D0580483,D0580484,1,1,2008,2017-10-19T00:00:00,True
D0559893,D0569421,2,2,2008,2020-08-18T00:00:00,True
D0559893,D0580485,2,2,2008,2020-08-18T00:00:00,True
D0559893,D0580971,2,2,2008,2020-08-18T00:00:00,True
D0569421,D0580485,2,2,2008,2020-01-27T00:00:00,True
D0569421,D0580971,2,2,2008,2020-01-27T00:00:00,True
D0580485,D0580971,2,2,2008,2020-08-18T00:00:00,True
D0575330,D0579973,3,3,2008,2017-10-05T00:00:00,True
D0575330,D0581976,2,2,2008,2017-10-05T00:00:00,True
D0579973,D0581976,2,2,2008,2017-10-05T00:00:00,True
D0559902,D0583862,1,1,2008,2017-07-17T00:00:00,True
D0562381,D0566758,1,1,2008,2017-07-17T00:00:00,True
D0560711,D0562377,3,3,2008,2020-11-30T00:00:00,True
D0560711,D0582471,3,3,2008,2020-11-30T00:00:00,True
D0562377,D0582471,3,3,2008,2020-11-30T00:00:00,True
D0559303,D0574423,1,1,2008,2019-04-11T00:00:00,True
D0574417,D0574418,3,3,2008,2021-10-25T00:00:00,True
D0574417,D0574419,3,3,2008,2021-10-25T00:00:00,True
D0574417,D0574420,3,3,2008,2021-10-25T00:00:00,True
D0574417,D0574421,3,3,2008,2021-10-25T00:00:00,True
D0574417,D0574422,3,3,2008,2021-10-25T00:00:00,True
D0574417,D0579481,3,3,2008,2021-10-25T00:00:00,True
D0574417,D0579482,3,3,2008,2021-10-25T00:00:00,True
D0574418,D0574419,3,3,2008,2021-10-25T00:00:00,True
D0574418,D0574420,3,3,2008,2021-10-25T00:00:00,True
D0574418,D0574421,3,3,2008,2021-10-25T00:00:00,True
D0574418,D0574422,3,3,2008,2021-10-25T00:00:00,True
D0574418,D0579481,3,3,2008,2021-10-25T00:00:00,True
D0574418,D0579482,3,3,2008,2021-10-25T00:00:00,True
D0574419,D0574420,3,3,2008,2021-10-25T00:00:00,True
D0574419,D0574421,3,3,2008,2021-10-25T00:00:00,True
D0574419,D0574422,3,3,2008,2021-10-25T00:00:00,True
D0574419,D0579481,3,3,2008,2021-10-25T00:00:00,True
D0574419,D0579482,3,3,2008,2021-10-25T00:00:00,True
D0574420,D0574421,3,3,2008,2021-10-25T00:00:00,True
D0574420,D0574422,3,3,2008,2021-10-25T00:00:00,True
D0574420,D0579481,3,3,2008,2021-10-25T00:00:00,True
D0574420,D0579482,3,3,2008,2021-10-25T00:00:00,True
D0574421,D0574422,3,3,2008,2021-10-25T00:00:00,True
D0574421,D0579481,3,3,2008,2021-10-25T00:00:00,True
D0574421,D0579482,3,3,2008,2021-10-25T00:00:00,True
D0574422,D0579481,3,3,2008,2021-10-25T00:00:00,True
D0574422,D0579482,3,3,2008,2021-10-25T00:00:00,True
D0579481,D0579482,3,3,2008,2021-10-25T00:00:00,True
D0561245,D0561246,1,1,2008,2017-07-13T00:00:00,True
D0573180,D0581457,1,1,2008,2023-08-31T00:00:00,True
D0573180,D0581975,1,1,2008,2023-08-31T00:00:00,True
D0581457,D0581975,1,1,2008,2022-11-21T00:00:00,True
D0570905,D0571396,1,1,2008,2020-03-20T00:00:00,True
D0558821,D0558822,1,1,2008,2017-09-08T00:00:00,True
D0560712,D0580478,4,4,2008,2020-05-28T00:00:00,True
D0584762,D0598485,4,4,2009,2020-05-28T00:00:00,True
D0584762,D0598486,1,1,2009,2017-08-03T00:00:00,True
D0586847,D0588191,1,1,2009,2019-02-15T00:00:00,True
D0585483,D0588190,1,1,2009,2022-03-01T00:00:00,True
D0585483,D0596663,1,1,2009,2022-03-01T00:00:00,True
D0588190,D0596663,1,1,2009,2022-03-01T00:00:00,True
D0588190,D0588633,1,1,2009,2019-02-15T00:00:00,True
D0584767,D0585932,1,1,2009,2019-09-30T00:00:00,True
D0586850,D0595767,1,1,2009,2023-01-19T00:00:00,True
D0605221,D0605690,1,1,2009,2019-08-20T00:00:00,True
D0591335,D0602073,1,1,2009,2019-04-22T00:00:00,True
D0591335,D0602074,1,1,2009,2019-04-22T00:00:00,True
D0591335,D0602518,1,1,2009,2019-04-22T00:00:00,True
D0591335,D0604763,1,1,2009,2019-04-22T00:00:00,True
D0602073,D0602074,1,1,2009,2019-04-22T00:00:00,True
D0602073,D0602518,1,1,2009,2019-04-22T00:00:00,True
D0602073,D0604763,1,1,2009,2019-04-22T00:00:00,True
D0602074,D0602518,1,1,2009,2019-04-22T00:00:00,True
D0602074,D0604763,1,1,2009,2019-04-22T00:00:00,True
D0602518,D0604763,1,1,2009,2019-04-22T00:00:00,True
D0588631,D0603894,1,1,2009,2022-09-14T00:00:00,True
D0602076,D0603895,1,1,2009,2019-07-08T00:00:00,True
D0587296,D0594055,2,2,2009,2020-02-13T00:00:00,True
D0587296,D0598045,2,2,2009,2020-02-13T00:00:00,True
D0594055,D0598045,2,2,2009,2020-02-13T00:00:00,True
D0584340,D0585087,1,1,2009,2022-11-01T00:00:00,True
D0595345,D0595346,3,3,2009,2020-09-30T00:00:00,True
D0595345,D0597131,2,2,2009,2020-04-16T00:00:00,True
D0595346,D0597131,2,2,2009,2021-08-02T00:00:00,True
D0586849,D0587748,2,2,2009,2020-01-27T00:00:00,True
D0586849,D0591340,2,2,2009,2020-01-27T00:00:00,True
D0586849,D0592241,2,2,2009,2020-01-27T00:00:00,True
D0586849,D0595767,2,2,2009,2020-01-27T00:00:00,True
D0586849,D0591792,1,1,2009,2018-05-02T00:00:00,True
D0587748,D0591340,2,2,2009,2020-08-18T00:00:00,True
D0587748,D0592241,2,2,2009,2020-08-18T00:00:00,True
D0587748,D0595767,2,2,2009,2020-08-18T00:00:00,True
D0591340,D0592241,2,2,2009,2020-01-27T00:00:00,True
D0591340,D0595767,2,2,2009,2020-01-27T00:00:00,True
D0592241,D0595767,2,2,2009,2020-08-18T00:00:00,True
D0591791,D0592241,1,1,2009,2023-08-31T00:00:00,True
D0584349,D0584766,1,1,2009,2018-02-22T00:00:00,True
D0585090,D0586849,1,1,2009,2018-05-02T00:00:00,True
D0585090,D0591792,1,1,2009,2018-05-02T00:00:00,True
D0586844,D0588187,1,1,2009,2022-01-18T00:00:00,True
D0599845,D0602519,2,2,2009,2020-02-06T00:00:00,True
D0608822,D0611530,7,7,2010,2021-02-16T00:00:00,True
D0608822,D0616019,7,7,2010,2021-02-16T00:00:00,True
D0611530,D0616019,7,7,2010,2021-02-16T00:00:00,True
D0607502,D0607925,1,1,2010,2020-03-05T00:00:00,True
D0607925,D0614234,1,1,2010,2023-02-15T00:00:00,True
D0615583,D0620519,1,1,2010,2018-04-02T00:00:00,True
D0615583,D0617830,1,1,2010,2021-03-23T00:00:00,True
D0607490,D0624117,1,1,2010,2022-01-18T00:00:00,True
D0609270,D0616926,1,1,2010,2021-08-06T00:00:00,True
D0616925,D0616926,2,2,2010,2020-01-27T00:00:00,True
D0611525,D0615122,1,1,2010,2020-01-27T00:00:00,True
D0611525,D0615123,1,1,2010,2020-01-27T00:00:00,True
D0611525,D0616924,1,1,2010,2020-01-27T00:00:00,True
D0611525,D0616925,1,1,2010,2020-01-27T00:00:00,True
D0611525,D0616926,1,1,2010,2020-01-27T00:00:00,True
D0611525,D0616490,1,1,2010,2022-04-13T00:00:00,True
D0611525,D0618275,1,1,2010,2022-04-13T00:00:00,True
D0615122,D0615123,1,1,2010,2020-01-27T00:00:00,True
D0615122,D0616924,1,1,2010,2020-01-27T00:00:00,True
D0615122,D0616925,1,1,2010,2020-01-27T00:00:00,True
D0615122,D0616926,1,1,2010,2020-01-27T00:00:00,True
D0615123,D0616924,1,1,2010,2020-01-27T00:00:00,True
D0615123,D0616925,1,1,2010,2020-01-27T00:00:00,True
D0615123,D0616926,1,1,2010,2020-01-27T00:00:00,True
D0616924,D0616925,1,1,2010,2020-01-27T00:00:00,True
D0616924,D0616926,1,1,2010,2020-01-27T00:00:00,True
D0609739,D0617370,3,3,2010,2020-11-30T00:00:00,True
D0622311,D0622759,2,2,2010,2020-02-06T00:00:00,True
D0614695,D0626589,1,1,2010,2023-08-31T00:00:00,True
D0614695,D0629041,1,1,2010,2023-08-31T00:00:00,True
D0626589,D0629041,1,1,2010,2023-08-31T00:00:00,True
D0614233,D0619166,3,3,2010,2021-03-15T00:00:00,True
D0616490,D0618275,1,1,2010,2022-04-13T00:00:00,True
D0616490,D0616923,1,1,2010,2020-11-09T00:00:00,True
D0613331,D0626589,1,1,2010,2023-01-19T00:00:00,True
D0607923,D0624582,2,2,2010,2021-11-22T00:00:00,True
D0624114,D0624115,1,1,2010,2019-02-08T00:00:00,True
D0624585,D0625755,2,2,2010,2021-08-18T00:00:00,True
D0612415,D0612417,1,1,2010,2018-05-02T00:00:00,True
D0612415,D0613331,1,1,2010,2018-05-02T00:00:00,True
D0612417,D0613331,1,1,2010,2018-05-02T00:00:00,True
D0614687,D0615583,3,3,2010,2021-01-27T00:00:00,True
D0614687,D0617830,1,1,2010,2021-01-27T00:00:00,True
D0614687,D0615120,2,2,2010,2020-02-13T00:00:00,True
D0607928,D0617829,2,2,2010,2022-02-25T00:00:00,True
D0624959,D0629448,2,2,2010,2019-08-20T00:00:00,True
D0618720,D0618721,1,1,2010,2020-08-21T00:00:00,True
D0618720,D0620522,1,1,2010,2018-11-15T00:00:00,True
D0615120,D0615583,2,2,2010,2020-02-13T00:00:00,True
D0618276,D0622762,1,1,2010,2018-02-22T00:00:00,True
D0644683,D0647558,2,2,2011,2020-02-06T00:00:00,True
D0644683,D0648776,2,2,2011,2020-02-06T00:00:00,True
D0644683,D0648777,2,2,2011,2020-02-06T00:00:00,True
D0644683,D0648778,2,2,2011,2020-02-06T00:00:00,True
D0644683,D0648779,2,2,2011,2020-02-06T00:00:00,True
D0647558,D0648776,2,2,2011,2020-02-06T00:00:00,True
D0647558,D0648777,2,2,2011,2020-02-06T00:00:00,True
D0647558,D0648778,2,2,2011,2020-02-06T00:00:00,True
D0647558,D0648779,2,2,2011,2020-02-06T00:00:00,True
D0648776,D0648777,2,2,2011,2020-02-06T00:00:00,True
D0648776,D0648778,2,2,2011,2020-02-06T00:00:00,True
D0648776,D0648779,2,2,2011,2020-02-06T00:00:00,True
D0648777,D0648778,2,2,2011,2020-02-06T00:00:00,True
D0648777,D0648779,2,2,2011,2020-02-06T00:00:00,True
D0648778,D0648779,2,2,2011,2020-02-06T00:00:00,True
D0631504,D0631505,1,1,2011,2017-10-19T00:00:00,True
D0631504,D0639847,1,1,2011,2017-10-19T00:00:00,True
D0631504,D0650834,1,1,2011,2017-10-19T00:00:00,True
D0631505,D0639847,1,1,2011,2017-10-19T00:00:00,True
D0631505,D0650834,1,1,2011,2017-10-19T00:00:00,True
D0639847,D0650834,1,1,2011,2017-10-19T00:00:00,True
D0639847,D0643058,1,1,2011,2023-04-14T00:00:00,True
D0640737,D0648783,2,2,2011,2019-07-22T00:00:00,True
D0640737,D0650417,2,2,2011,2019-07-22T00:00:00,True
D0648783,D0650417,2,2,2011,2019-07-22T00:00:00,True
D0638051,D0638052,1,1,2011,2019-02-15T00:00:00,True
D0648377,D0648379,1,1,2011,2019-08-20T00:00:00,True
D0640735,D0645897,1,1,2011,2017-10-19T00:00:00,True
D0640735,D0640736,1,1,2011,2018-03-26T00:00:00,True
D0632328,D0641776,1,1,2011,2018-12-04T00:00:00,True
D0638465,D0642609,1,1,2011,2017-10-27T00:00:00,True
D0630243,D0630244,2,2,2011,2020-02-06T00:00:00,True
D0630243,D0636435,2,2,2011,2020-02-06T00:00:00,True
D0630243,D0636436,2,2,2011,2020-02-06T00:00:00,True
D0630243,D0636813,2,2,2011,2020-02-06T00:00:00,True
D0630244,D0636435,2,2,2011,2020-02-06T00:00:00,True
D0630244,D0636436,2,2,2011,2020-02-06T00:00:00,True
D0630244,D0636813,2,2,2011,2020-02-06T00:00:00,True
D0636435,D0636436,2,2,2011,2020-02-06T00:00:00,True
D0636435,D0636813,2,2,2011,2020-02-06T00:00:00,True
D0636436,D0636813,2,2,2011,2020-02-06T00:00:00,True
D0637227,D0650419,2,2,2011,2020-01-27T00:00:00,True
D0641039,D0641394,2,2,2011,2019-10-21T00:00:00,True
D0637225,D0647956,2,2,2011,2021-08-05T00:00:00,True
D0633557,D0639847,1,1,2011,2022-02-28T00:00:00,True
D0647952,D0647953,1,1,2011,2022-04-13T00:00:00,True
D0647952,D0648375,2,2,2011,2022-04-13T00:00:00,True
D0647953,D0648375,2,2,2011,2022-04-13T00:00:00,True
D0631088,D0631089,1,1,2011,2019-02-15T00:00:00,True
D0631088,D0631090,1,1,2011,2019-02-15T00:00:00,True
D0631089,D0631090,1,1,2011,2019-02-15T00:00:00,True
D0642212,D0647958,1,1,2011,2017-09-22T00:00:00,True
D0633556,D0647133,1,1,2011,2018-10-18T00:00:00,True
D0661728,D0671593,2,2,2012,2022-09-14T00:00:00,True
D0670327,D0671593,1,1,2012,2018-01-24T00:00:00,True
D0653702,D0655748,2,2,2012,2020-02-06T00:00:00,True
D0653702,D0656181,2,2,2012,2020-02-06T00:00:00,True
D0655748,D0656181,2,2,2012,2020-02-06T00:00:00,True
D0656985,D0659188,1,1,2012,2020-02-27T00:00:00,True
D0667051,D0670327,2,2,2012,2022-04-05T00:00:00,True
D0664192,D0667051,1,1,2012,2017-09-22T00:00:00,True
D0665016,D0665840,1,1,2012,2017-09-07T00:00:00,True
D0665016,D0667051,1,1,2012,2017-09-07T00:00:00,True
D0665016,D0667050,1,1,2012,2019-08-20T00:00:00,True
D0665840,D0667051,1,1,2012,2017-09-07T00:00:00,True
D0665014,D0665015,1,1,2012,2019-08-20T00:00:00,True
D0665014,D0665016,1,1,2012,2019-08-20T00:00:00,True
D0665014,D0667050,1,1,2012,2019-08-20T00:00:00,True
D0665015,D0665016,2,2,2012,2023-02-15T00:00:00,True
D0665015,D0667050,1,1,2012,2019-08-20T00:00:00,True
D0665015,D0667489,1,1,2012,2022-03-15T00:00:00,True
D0656184,D0656185,3,3,2012,2023-01-19T00:00:00,True
D0656184,D0656540,2,2,2012,2020-01-27T00:00:00,True
D0656184,D0666240,2,2,2012,2020-01-27T00:00:00,True
D0656184,D0656186,1,1,2012,2023-01-19T00:00:00,True
D0656185,D0656540,2,2,2012,2020-08-18T00:00:00,True
D0656185,D0666240,2,2,2012,2020-08-18T00:00:00,True
D0656185,D0656186,2,2,2012,2023-01-19T00:00:00,True
D0656540,D0666240,2,2,2012,2020-08-18T00:00:00,True
D0656540,D0667492,1,1,2012,2019-01-11T00:00:00,True
D0656540,D0667493,1,1,2012,2019-01-11T00:00:00,True
D0655332,D0656186,1,1,2012,2023-08-31T00:00:00,True
D0655332,D0656540,1,1,2012,2023-08-31T00:00:00,True
D0656186,D0656540,1,1,2012,2023-08-31T00:00:00,True
D0667492,D0667493,1,1,2012,2019-01-11T00:00:00,True
D0660351,D0664191,2,2,2012,2017-10-05T00:00:00,True
D0652862,D0666665,1,1,2012,2021-08-06T00:00:00,True
D0652862,D0668289,1,1,2012,2021-08-06T00:00:00,True
D0652862,D0655332,2,2,2012,2021-08-05T00:00:00,True
D0666665,D0668289,1,1,2012,2021-08-06T00:00:00,True
D0666666,D0673212,2,2,2012,2021-02-01T00:00:00,True
D0653703,D0653704,2,2,2012,2023-04-14T00:00:00,True
D0653703,D0665012,1,1,2012,2017-10-19T00:00:00,True
D0653704,D0665012,1,1,2012,2017-10-19T00:00:00,True
D0667489,D0667490,1,1,2012,2017-09-08T00:00:00,True
D0659751,D0659752,2,2,2012,2020-02-06T00:00:00,True
D0659751,D0661344,2,2,2012,2020-02-06T00:00:00,True
D0659751,D0662542,2,2,2012,2020-02-06T00:00:00,True
D0659752,D0661344,2,2,2012,2020-02-06T00:00:00,True
D0659752,D0662542,2,2,2012,2020-02-06T00:00:00,True
D0661344,D0662542,2,2,2012,2020-02-06T00:00:00,True
D0662975,D0669118,1,1,2012,2020-04-07T00:00:00,True
D0662975,D0665018,1,1,2012,2022-10-26T00:00:00,True
D0660345,D0660346,1,1,2012,2022-04-13T00:00:00,True
D0663767,D0672387,1,1,2012,2017-09-20T00:00:00,True
D0661727,D0663765,1,1,2012,2019-07-11T00:00:00,True
D0661727,D0669525,1,1,2012,2019-07-11T00:00:00,True
D0661727,D0671164,1,1,2012,2019-07-11T00:00:00,True
D0663765,D0669525,1,1,2012,2019-07-11T00:00:00,True
D0663765,D0671164,1,1,2012,2019-07-11T00:00:00,True
D0669525,D0671164,2,2,2012,2021-10-25T00:00:00,True
D0652444,D0669525,1,1,2012,2021-10-25T00:00:00,True
D0652444,D0671164,1,1,2012,2021-10-25T00:00:00,True
D0662130,D0665013,1,1,2012,2022-04-21T00:00:00,True
D0660348,D0667872,1,1,2012,2019-12-26T00:00:00,True
D0653283,D0662129,1,1,2012,2020-05-29T00:00:00,True
D0652446,D0653284,1,1,2012,2020-06-25T00:00:00,True
D0664591,D0665012,1,1,2012,2021-11-22T00:00:00,True
D0677324,D0688738,3,3,2013,2021-07-06T00:00:00,True
D0682927,D0686275,1,1,2013,2022-04-27T00:00:00,True
D0677722,D0678404,2,2,2013,2020-08-18T00:00:00,True
D0677722,D0678405,2,2,2013,2020-08-18T00:00:00,True
D0677722,D0678408,2,2,2013,2020-08-18T00:00:00,True
D0677722,D0682929,2,2,2013,2020-08-18T00:00:00,True
D0677722,D0682930,2,2,2013,2020-08-18T00:00:00,True
D0677722,D0695823,2,2,2013,2020-08-18T00:00:00,True
D0678404,D0678405,2,2,2013,2020-01-27T00:00:00,True
D0678404,D0678408,2,2,2013,2020-01-27T00:00:00,True
D0678404,D0682929,2,2,2013,2020-01-27T00:00:00,True
D0678404,D0682930,2,2,2013,2020-01-27T00:00:00,True
D0678404,D0695823,2,2,2013,2020-01-27T00:00:00,True
D0678405,D0678408,2,2,2013,2020-08-18T00:00:00,True
D0678405,D0682929,2,2,2013,2020-08-18T00:00:00,True
D0678405,D0682930,2,2,2013,2020-08-18T00:00:00,True
D0678405,D0695823,2,2,2013,2020-08-18T00:00:00,True
D0678408,D0682929,2,2,2013,2020-08-18T00:00:00,True
D0678408,D0682930,2,2,2013,2020-08-18T00:00:00,True
D0678408,D0695823,2,2,2013,2020-08-18T00:00:00,True
D0682929,D0682930,2,2,2013,2020-01-27T00:00:00,True
D0682929,D0695823,2,2,2013,2020-01-27T00:00:00,True
D0682929,D0692052,1,1,2013,2020-01-24T00:00:00,True
D0682929,D0682931,1,1,2013,2022-02-16T00:00:00,True
D0682930,D0695823,2,2,2013,2020-08-18T00:00:00,True
D0677723,D0688741,1,1,2013,2019-05-01T00:00:00,True
D0679750,D0694815,2,2,2013,2021-08-05T00:00:00,True
D0679750,D0694816,2,2,2013,2021-08-05T00:00:00,True
D0694815,D0694816,3,3,2013,2021-08-06T00:00:00,True
D0689130,D0689131,1,1,2013,2023-09-08T00:00:00,True
D0689130,D0689132,1,1,2013,2023-09-08T00:00:00,True
D0689130,D0689133,1,1,2013,2023-09-08T00:00:00,True
D0689131,D0689132,1,1,2013,2023-09-08T00:00:00,True
D0689131,D0689133,1,1,2013,2023-09-08T00:00:00,True
D0689132,D0689133,1,1,2013,2023-09-08T00:00:00,True
D0675252,D0680582,1,1,2013,2020-03-20T00:00:00,True
D0676481,D0679745,1,1,2013,2021-01-27T00:00:00,True
D0676481,D0681717,1,1,2013,2021-01-27T00:00:00,True
D0679745,D0681717,2,2,2013,2021-03-23T00:00:00,True
D0679745,D0689921,1,1,2013,2020-06-30T00:00:00,True
D0681717,D0689921,1,1,2013,2020-02-24T00:00:00,True
D0679318,D0687884,1,1,2013,2018-08-27T00:00:00,True
D0685416,D0695339,2,2,2013,2022-10-25T00:00:00,True
D0679319,D0686657,2,2,2013,2020-01-27T00:00:00,True
D0679319,D0688740,1,1,2013,2019-05-01T00:00:00,True
D0679319,D0694813,1,1,2013,2019-05-01T00:00:00,True
D0679319,D0686655,1,1,2013,2020-01-27T00:00:00,True
D0679319,D0688739,1,1,2013,2020-01-27T00:00:00,True
D0679319,D0694812,1,1,2013,2020-01-27T00:00:00,True
D0679319,D0695337,1,1,2013,2020-01-27T00:00:00,True
D0686657,D0688740,2,2,2013,2019-05-01T00:00:00,True
D0686657,D0694813,1,1,2013,2019-05-01T00:00:00,True
D0686657,D0688739,2,2,2013,2020-01-27T00:00:00,True
D0686657,D0694812,1,1,2013,2020-01-27T00:00:00,True
D0686657,D0695337,1,1,2013,2020-01-27T00:00:00,True
D0686657,D0690764,1,1,2013,2019-04-18T00:00:00,True
D0688740,D0694813,2,2,2013,2020-10-26T00:00:00,True
D0688740,D0690764,1,1,2013,2020-10-26T00:00:00,True
D0688740,D0694812,1,1,2013,2020-10-26T00:00:00,True
D0688740,D0695337,1,1,2013,2020-10-26T00:00:00,True
D0694813,D0695337,1,1,2013,2020-10-26T00:00:00,True
D0678396,D0679319,1,1,2013,2020-01-27T00:00:00,True
D0678396,D0686655,1,1,2013,2020-01-27T00:00:00,True
D0678396,D0686657,2,2,2013,2020-01-27T00:00:00,True
D0678396,D0688739,2,2,2013,2020-01-27T00:00:00,True
D0678396,D0694812,2,2,2013,2021-07-19T00:00:00,True
D0678396,D0695337,2,2,2013,2021-07-19T00:00:00,True
D0678396,D0688740,1,1,2013,2021-07-19T00:00:00,True
D0678396,D0690764,2,2,2013,2021-07-19T00:00:00,True
D0678396,D0694813,1,1,2013,2021-07-19T00:00:00,True
D0686655,D0686657,1,1,2013,2020-01-27T00:00:00,True
D0686655,D0688739,1,1,2013,2020-01-27T00:00:00,True
D0686655,D0694812,1,1,2013,2020-01-27T00:00:00,True
D0686655,D0695337,1,1,2013,2020-01-27T00:00:00,True
D0688739,D0694812,1,1,2013,2020-01-27T00:00:00,True
D0688739,D0695337,1,1,2013,2020-01-27T00:00:00,True
D0688739,D0690764,1,1,2013,2019-04-18T00:00:00,True
D0694812,D0695337,2,2,2013,2021-07-19T00:00:00,True
D0694812,D0694813,1,1,2013,2021-07-19T00:00:00,True
D0686654,D0687484,2,2,2013,2019-04-26T00:00:00,True
D0686654,D0689126,1,1,2013,2018-04-27T00:00:00,True
D0686654,D0690349,2,2,2013,2019-01-04T00:00:00,True
D0687484,D0689126,1,1,2013,2018-04-27T00:00:00,True
D0687484,D0690349,1,1,2013,2018-04-27T00:00:00,True
D0689126,D0690349,1,1,2013,2018-04-27T00:00:00,True
D0677717,D0678396,1,1,2013,2021-07-19T00:00:00,True
D0677717,D0688740,2,2,2013,2021-07-19T00:00:00,True
D0677717,D0690764,1,1,2013,2021-07-19T00:00:00,True
D0677717,D0694812,1,1,2013,2021-07-19T00:00:00,True
D0677717,D0694813,1,1,2013,2021-07-19T00:00:00,True
D0677717,D0695337,1,1,2013,2021-07-19T00:00:00,True
D0677717,D0686657,1,1,2013,2019-04-22T00:00:00,True
D0690764,D0694812,1,1,2013,2020-10-26T00:00:00,True
D0690764,D0694813,1,1,2013,2020-10-26T00:00:00,True
D0690764,D0695337,1,1,2013,2020-10-26T00:00:00,True
D0674005,D0674007,1,1,2013,2019-02-15T00:00:00,True
D0674005,D0693400,1,1,2013,2019-02-15T00:00:00,True
D0674005,D0695338,1,1,2013,2019-02-15T00:00:00,True
D0674005,D0695820,1,1,2013,2019-02-15T00:00:00,True
D0674007,D0693400,1,1,2013,2019-02-15T00:00:00,True
D0674007,D0695338,1,1,2013,2019-02-15T00:00:00,True
D0674007,D0695820,1,1,2013,2019-02-15T00:00:00,True
D0693400,D0695338,1,1,2013,2019-02-15T00:00:00,True
D0693400,D0695820,1,1,2013,2019-02-15T00:00:00,True
D0695338,D0695820,1,1,2013,2019-02-15T00:00:00,True
D0676900,D0677714,1,1,2013,2020-02-24T00:00:00,True
D0676900,D0679745,1,1,2013,2020-02-24T00:00:00,True
D0676900,D0681717,1,1,2013,2020-02-24T00:00:00,True
D0676900,D0689921,1,1,2013,2020-02-24T00:00:00,True
D0677714,D0679745,1,1,2013,2020-02-24T00:00:00,True
D0677714,D0681717,1,1,2013,2020-02-24T00:00:00,True
D0677714,D0689921,1,1,2013,2020-02-24T00:00:00,True
D0677714,D0686273,1,1,2013,2019-07-11T00:00:00,True
D0676901,D0696338,1,1,2013,2019-05-24T00:00:00,True
D0681107,D0685411,1,1,2013,2022-02-16T00:00:00,True
D0681107,D0694316,1,1,2013,2020-04-23T00:00:00,True
D0681107,D0681726,1,1,2013,2017-09-22T00:00:00,True
D0681107,D0689543,1,1,2013,2017-09-22T00:00:00,True
D0674840,D0677326,1,1,2013,2022-08-19T00:00:00,True
D0676081,D0678937,1,1,2013,2017-09-08T00:00:00,True
D0676081,D0687485,1,1,2013,2017-09-08T00:00:00,True
D0676081,D0689541,1,1,2013,2017-09-08T00:00:00,True
D0676081,D0692476,1,1,2013,2017-09-08T00:00:00,True
D0678937,D0687485,1,1,2013,2017-09-08T00:00:00,True
D0678937,D0689541,1,1,2013,2017-09-08T00:00:00,True
D0678937,D0692476,1,1,2013,2017-09-08T00:00:00,True
D0678937,D0693872,2,2,2013,2021-06-08T00:00:00,True
D0687485,D0689541,1,1,2013,2017-09-08T00:00:00,True
D0687485,D0692476,1,1,2013,2017-09-08T00:00:00,True
D0689541,D0692476,1,1,2013,2017-09-08T00:00:00,True
D0692944,D0692945,1,1,2013,2019-09-13T00:00:00,True
D0692944,D0693399,1,1,2013,2019-09-13T00:00:00,True
D0692945,D0693399,1,1,2013,2019-09-13T00:00:00,True
D0677721,D0681728,1,1,2013,2019-07-08T00:00:00,True
D0677721,D0682929,1,1,2013,2019-07-08T00:00:00,True
D0677721,D0692052,3,3,2013,2019-07-08T00:00:00,True
D0681728,D0682929,1,1,2013,2020-01-24T00:00:00,True
D0681728,D0692052,1,1,2013,2020-01-24T00:00:00,True
D0679320,D0694813,1,1,2013,2019-09-19T00:00:00,True
D0679748,D0694812,1,1,2013,2022-04-13T00:00:00,True
D0679748,D0679749,2,2,2013,2022-04-13T00:00:00,True
D0685841,D0689129,1,1,2013,2020-03-12T00:00:00,True
D0673603,D0689543,1,1,2013,2019-08-07T00:00:00,True
D0673603,D0694316,1,1,2013,2019-08-07T00:00:00,True
D0673603,D0694318,1,1,2013,2019-08-07T00:00:00,True
D0689543,D0694316,1,1,2013,2019-08-07T00:00:00,True
D0689543,D0694318,1,1,2013,2019-08-07T00:00:00,True
D0694316,D0694318,1,1,2013,2019-08-07T00:00:00,True
D0685415,D0694317,1,1,2013,2019-04-11T00:00:00,True
D0685415,D0694319,1,1,2013,2019-04-11T00:00:00,True
D0694317,D0694319,1,1,2013,2019-04-11T00:00:00,True
D0680161,D0680162,1,1,2013,2017-09-20T00:00:00,True
D0680161,D0681108,1,1,2013,2017-09-20T00:00:00,True
D0680162,D0681108,2,2,2013,2017-09-22T00:00:00,True
D0680162,D0680163,4,4,2013,2020-04-29T00:00:00,True
D0680162,D0681107,1,1,2013,2017-09-22T00:00:00,True
D0680162,D0681726,1,1,2013,2017-09-22T00:00:00,True
D0680162,D0689543,2,2,2013,2017-09-22T00:00:00,True
D0680162,D0680581,1,1,2013,2022-04-21T00:00:00,True
D0680162,D0681721,1,1,2013,2022-04-21T00:00:00,True
D0680162,D0686659,2,2,2013,2020-04-29T00:00:00,True
D0678403,D0680162,1,1,2013,2017-09-22T00:00:00,True
D0678403,D0680163,1,1,2013,2017-09-22T00:00:00,True
D0678403,D0681107,1,1,2013,2017-09-22T00:00:00,True
D0678403,D0681726,1,1,2013,2017-09-22T00:00:00,True
D0678403,D0689543,1,1,2013,2017-09-22T00:00:00,True
D0678403,D0694318,1,1,2013,2022-02-28T00:00:00,True
D0680163,D0681107,1,1,2013,2017-09-22T00:00:00,True
D0680163,D0681726,1,1,2013,2017-09-22T00:00:00,True
D0680163,D0689543,1,1,2013,2017-09-22T00:00:00,True
D0680163,D0681108,1,1,2013,2017-09-22T00:00:00,True
D0680163,D0686659,2,2,2013,2020-04-29T00:00:00,True
D0681726,D0689543,1,1,2013,2017-09-22T00:00:00,True
D0675674,D0675675,1,1,2013,2023-02-15T00:00:00,True
D0675674,D0682348,1,1,2013,2023-02-15T00:00:00,True
D0675675,D0682348,1,1,2013,2023-02-15T00:00:00,True
D0693873,D0696717,1,1,2013,2022-02-28T00:00:00,True
D0680581,D0681721,1,1,2013,2022-04-21T00:00:00,True
D0680581,D0695339,1,1,2013,2019-08-07T00:00:00,True
D0678402,D0681720,4,4,2013,2023-01-17T00:00:00,True
D0681720,D0686658,1,1,2013,2020-08-19T00:00:00,True
D0675673,D0678403,1,1,2013,2020-07-13T00:00:00,True
D0675673,D0678402,2,2,2013,2022-04-05T00:00:00,True
D0685414,D0692477,3,3,2013,2021-11-22T00:00:00,True
D0685414,D0695339,4,4,2013,2021-11-22T00:00:00,True
D0685414,D0687089,1,1,2013,2018-10-16T00:00:00,True
D0692477,D0695339,3,3,2013,2021-11-22T00:00:00,True
D0677720,D0681719,1,1,2013,2022-01-03T00:00:00,True
D0677720,D0685415,1,1,2013,2022-01-03T00:00:00,True
D0681719,D0685415,1,1,2013,2022-01-03T00:00:00,True
D0687089,D0695339,1,1,2013,2018-10-16T00:00:00,True
D0698388,D0698857,1,1,2014,2020-05-07T00:00:00,True
D0698388,D0698858,1,1,2014,2020-05-07T00:00:00,True
D0698857,D0698858,1,1,2014,2020-10-21T00:00:00,True
D0716370,D0716371,2,2,2014,2020-02-18T00:00:00,True
D0716370,D0716372,1,1,2014,2019-02-08T00:00:00,True
D0703735,D0703736,1,1,2014,2020-12-09T00:00:00,True
D0705346,D0706337,6,6,2014,2020-02-18T00:00:00,True
D0705346,D0711460,1,1,2014,2019-02-08T00:00:00,True
D0705346,D0716370,2,2,2014,2020-02-18T00:00:00,True
D0705346,D0716372,1,1,2014,2019-02-08T00:00:00,True
D0705346,D0716371,3,3,2014,2020-02-18T00:00:00,True
D0706337,D0711460,1,1,2014,2019-02-08T00:00:00,True
D0706337,D0716370,2,2,2014,2020-02-18T00:00:00,True
D0706337,D0716372,1,1,2014,2019-02-08T00:00:00,True
D0706337,D0716371,3,3,2014,2020-02-18T00:00:00,True
D0711460,D0716370,1,1,2014,2019-02-08T00:00:00,True
D0711460,D0716372,1,1,2014,2019-02-08T00:00:00,True
D0711460,D0713447,1,1,2014,2018-04-25T00:00:00,True
D0711460,D0720000,1,1,2014,2018-04-25T00:00:00,True
D0716372,D0719999,1,1,2014,2018-01-12T00:00:00,True
D0713447,D0720000,2,2,2014,2018-08-27T00:00:00,True
D0705858,D0711461,1,1,2014,2022-04-13T00:00:00,True
D0707290,D0712464,1,1,2014,2022-02-16T00:00:00,True
D0707290,D0712466,2,2,2014,2018-06-27T00:00:00,True
D0712458,D0712464,1,1,2014,2023-01-19T00:00:00,True
D0699785,D0712464,1,1,2014,2017-11-17T00:00:00,True
D0697966,D0697967,4,4,2014,2021-06-24T00:00:00,True
D0697966,D0698389,4,4,2014,2021-06-24T00:00:00,True
D0697966,D0702760,4,4,2014,2021-06-24T00:00:00,True
D0697966,D0718383,2,2,2014,2017-09-22T00:00:00,True
D0697967,D0698389,4,4,2014,2021-06-24T00:00:00,True
D0697967,D0702760,4,4,2014,2021-06-24T00:00:00,True
D0697967,D0718383,2,2,2014,2017-09-22T00:00:00,True
D0698389,D0702760,5,5,2014,2021-06-24T00:00:00,True
D0698389,D0718383,3,3,2014,2017-09-22T00:00:00,True
D0702760,D0718383,3,3,2014,2017-09-22T00:00:00,True
D0697131,D0714863,1,1,2014,2017-09-22T00:00:00,True
D0697131,D0715355,1,1,2014,2017-09-22T00:00:00,True
D0714863,D0715355,1,1,2014,2017-09-22T00:00:00,True
D0707749,D0707750,1,1,2014,2022-04-13T00:00:00,True
D0707750,D0708254,1,1,2014,2022-04-13T00:00:00,True
D0712960,D0720397,1,1,2014,2018-01-24T00:00:00,True
D0705347,D0705853,1,1,2014,2018-03-20T00:00:00,True
D0705347,D0705855,1,1,2014,2018-03-20T00:00:00,True
D0705347,D0705856,1,1,2014,2018-03-20T00:00:00,True
D0705853,D0705855,1,1,2014,2018-03-20T00:00:00,True
D0705853,D0705856,1,1,2014,2018-03-20T00:00:00,True
D0705855,D0705856,1,1,2014,2018-03-20T00:00:00,True
D0697965,D0699784,4,4,2014,2022-02-25T00:00:00,True
D0697965,D0701563,1,1,2014,2017-10-19T00:00:00,True
D0701898,D0706341,1,1,2014,2017-09-20T00:00:00,True
D0701898,D0703264,2,2,2014,2018-05-25T00:00:00,True
D0701561,D0703264,1,1,2014,2019-12-26T00:00:00,True
D0701561,D0706341,1,1,2014,2019-12-26T00:00:00,True
D0703264,D0706341,1,1,2014,2019-12-26T00:00:00,True
D0707288,D0713447,2,2,2014,2018-08-27T00:00:00,True
D0707288,D0720000,1,1,2014,2018-08-27T00:00:00,True
D0700650,D0713871,1,1,2014,2022-01-03T00:00:00,True
D0700650,D0701898,2,2,2014,2018-12-31T00:00:00,True
D0700650,D0703264,2,2,2014,2018-12-31T00:00:00,True
D0697549,D0707751,2,2,2014,2020-02-06T00:00:00,True
D0697549,D0707752,2,2,2014,2020-02-06T00:00:00,True
D0707751,D0707752,2,2,2014,2020-02-06T00:00:00,True
D0697550,D0701563,3,3,2014,2022-04-19T00:00:00,True
D0697964,D0697965,1,1,2014,2017-10-19T00:00:00,True
D0697964,D0701563,1,1,2014,2017-10-19T00:00:00,True
D0706339,D0712460,1,1,2014,2021-08-06T00:00:00,True
D0711462,D0712459,2,2,2014,2020-02-06T00:00:00,True
D0711462,D0718382,2,2,2014,2020-02-06T00:00:00,True
D0712459,D0718382,2,2,2014,2020-02-06T00:00:00,True
D0704257,D0709551,1,1,2014,2017-09-08T00:00:00,True
D0715853,D0718383,1,1,2014,2017-10-13T00:00:00,True
D0735266,D0738428,2,2,2015,2021-06-08T00:00:00,True
D0738428,D0738430,1,1,2015,2017-09-08T00:00:00,True
D0733217,D0734814,1,1,2015,2020-02-11T00:00:00,True
D0734814,D0740359,1,1,2015,2017-10-03T00:00:00,True
D0724141,D0725184,2,2,2015,2022-02-28T00:00:00,True
D0724141,D0734814,1,1,2015,2017-10-03T00:00:00,True
D0724141,D0740359,1,1,2015,2017-10-03T00:00:00,True
D0725184,D0734814,1,1,2015,2017-10-03T00:00:00,True
D0725184,D0740359,1,1,2015,2017-10-03T00:00:00,True
D0725184,D0726249,1,1,2015,2017-10-19T00:00:00,True
D0725184,D0727413,1,1,2015,2017-10-19T00:00:00,True
D0725184,D0727414,1,1,2015,2017-10-19T00:00:00,True
D0725184,D0727415,1,1,2015,2017-10-19T00:00:00,True
D0725184,D0741945,1,1,2015,2017-10-19T00:00:00,True
D0722108,D0734814,1,1,2015,2018-05-14T00:00:00,True
D0725182,D0725699,1,1,2015,2018-09-27T00:00:00,True
D0725182,D0735805,1,1,2015,2021-07-13T00:00:00,True
D0722339,D0725184,1,1,2015,2017-10-19T00:00:00,True
D0722339,D0726249,1,1,2015,2017-10-19T00:00:00,True
D0722339,D0727413,1,1,2015,2017-10-19T00:00:00,True
D0722339,D0727414,1,1,2015,2017-10-19T00:00:00,True
D0722339,D0727415,1,1,2015,2017-10-19T00:00:00,True
D0722339,D0741945,1,1,2015,2017-10-19T00:00:00,True
D0722339,D0723616,1,1,2015,2023-04-14T00:00:00,True
D0726249,D0727413,1,1,2015,2017-10-19T00:00:00,True
D0726249,D0727414,2,2,2015,2020-04-01T00:00:00,True
D0726249,D0727415,2,2,2015,2020-04-01T00:00:00,True
D0726249,D0741945,1,1,2015,2017-10-19T00:00:00,True
D0726249,D0726250,1,1,2015,2021-06-24T00:00:00,True
D0726249,D0726251,1,1,2015,2021-06-24T00:00:00,True
D0726249,D0742960,1,1,2015,2021-06-24T00:00:00,True
D0727413,D0727414,1,1,2015,2017-10-19T00:00:00,True
D0727413,D0727415,1,1,2015,2017-10-19T00:00:00,True
D0727413,D0741945,1,1,2015,2017-10-19T00:00:00,True
D0727414,D0727415,2,2,2015,2020-04-01T00:00:00,True
D0727414,D0741945,1,1,2015,2017-10-19T00:00:00,True
D0727415,D0741945,1,1,2015,2017-10-19T00:00:00,True
D0727415,D0727416,1,1,2015,2020-09-22T00:00:00,True
D0737371,D0737894,3,3,2015,2021-07-06T00:00:00,True
D0727409,D0727410,1,1,2015,2017-09-22T00:00:00,True
D0727409,D0727417,1,1,2015,2017-09-22T00:00:00,True
D0727409,D0742450,1,1,2015,2017-09-22T00:00:00,True
D0727410,D0727417,1,1,2015,2017-09-22T00:00:00,True
D0727410,D0742450,1,1,2015,2017-09-22T00:00:00,True
D0727417,D0742450,1,1,2015,2017-09-22T00:00:00,True
D0724140,D0727415,1,1,2015,2020-09-22T00:00:00,True
D0724140,D0727416,1,1,2015,2020-09-22T00:00:00,True
D0732108,D0740358,1,1,2015,2022-06-06T00:00:00,True
D0732108,D0737895,2,2,2015,2017-09-22T00:00:00,True
D0730437,D0732108,3,3,2015,2017-09-22T00:00:00,True
D0730437,D0737895,15,15,2015,2023-01-17T00:00:00,True
D0730437,D0744028,3,3,2015,2018-09-28T00:00:00,True
D0737895,D0744028,3,3,2015,2018-09-28T00:00:00,True
D0724142,D0726251,3,3,2015,2021-06-24T00:00:00,True
D0724142,D0726249,1,1,2015,2021-06-24T00:00:00,True
D0724142,D0726250,2,2,2015,2021-06-24T00:00:00,True
D0724142,D0742960,2,2,2015,2021-06-24T00:00:00,True
D0726251,D0742960,2,2,2015,2021-06-24T00:00:00,True
D0723613,D0724657,1,1,2015,2019-02-15T00:00:00,True
D0725180,D0725181,1,1,2015,2018-12-04T00:00:00,True
D0725180,D0728675,1,1,2015,2018-12-04T00:00:00,True
D0725181,D0728675,1,1,2015,2018-12-04T00:00:00,True
D0726250,D0726251,2,2,2015,2021-06-24T00:00:00,True
D0726250,D0742960,2,2,2015,2021-06-24T00:00:00,True
D0722336,D0729311,1,1,2015,2022-03-01T00:00:00,True
D0723100,D0728678,1,1,2015,2020-01-24T00:00:00,True
D0723615,D0724141,1,1,2015,2022-03-01T00:00:00,True
D0730980,D0742451,1,1,2015,2022-01-31T00:00:00,True
D0720803,D0730437,1,1,2015,2022-03-15T00:00:00,True
D0720803,D0737895,1,1,2015,2022-03-15T00:00:00,True
D0720803,D0744028,1,1,2015,2020-08-19T00:00:00,True
D0722109,D0730437,3,3,2015,2018-09-28T00:00:00,True
D0722109,D0737895,3,3,2015,2018-09-28T00:00:00,True
D0722109,D0744028,3,3,2015,2018-09-28T00:00:00,True
D0745087,D0745600,1,1,2015,2018-10-16T00:00:00,True
D0745087,D0745601,1,1,2015,2018-10-16T00:00:00,True
D0745600,D0745601,1,1,2015,2018-10-16T00:00:00,True
D0727412,D0733794,1,1,2015,2020-01-27T00:00:00,True
D0739890,D0739891,1,1,2015,2019-02-15T00:00:00,True
D0759748,D0762258,1,1,2016,2017-10-27T00:00:00,True
D0759748,D0762766,6,6,2016,2020-02-18T00:00:00,True
D0759748,D0768766,1,1,2016,2020-02-18T00:00:00,True
D0759748,D0768767,1,1,2016,2020-02-18T00:00:00,True
D0759748,D0763346,1,1,2016,2019-04-26T00:00:00,True
D0759748,D0771180,1,1,2016,2019-04-26T00:00:00,True
D0759748,D0772335,1,1,2016,2019-04-26T00:00:00,True
D0759748,D0771181,4,4,2016,2019-01-14T00:00:00,True
D0759748,D0761350,1,1,2016,2021-02-03T00:00:00,True
D0762258,D0762766,1,1,2016,2017-10-27T00:00:00,True
D0762258,D0771180,2,2,2016,2019-01-04T00:00:00,True
D0762258,D0773554,2,2,2016,2019-01-04T00:00:00,True
D0762258,D0763346,3,3,2016,2020-02-12T00:00:00,True
D0762766,D0768766,1,1,2016,2020-02-18T00:00:00,True
D0762766,D0768767,1,1,2016,2020-02-18T00:00:00,True
D0762766,D0763956,1,1,2016,2019-02-08T00:00:00,True
D0762766,D0765767,1,1,2016,2019-02-08T00:00:00,True
D0762766,D0771181,4,4,2016,2019-01-14T00:00:00,True
D0771180,D0773554,2,2,2016,2019-01-04T00:00:00,True
D0771180,D0772335,1,1,2016,2019-04-26T00:00:00,True
D0763346,D0771180,2,2,2016,2019-04-26T00:00:00,True
D0763346,D0773554,1,1,2016,2018-04-27T00:00:00,True
D0763346,D0772335,1,1,2016,2019-04-26T00:00:00,True
D0750163,D0772976,1,1,2016,2019-04-17T00:00:00,True
D0750163,D0757162,1,1,2016,2021-03-23T00:00:00,True
D0750164,D0772977,1,1,2016,2022-03-01T00:00:00,True
D0750164,D0765772,2,2,2016,2022-02-25T00:00:00,True
D0755889,D0763958,1,1,2016,2017-10-19T00:00:00,True
D0755889,D0765772,1,1,2016,2017-10-19T00:00:00,True
D0755889,D0769965,1,1,2016,2017-10-19T00:00:00,True
D0755889,D0771183,1,1,2016,2017-10-19T00:00:00,True
D0755889,D0772977,1,1,2016,2017-10-19T00:00:00,True
D0763958,D0765772,1,1,2016,2017-10-19T00:00:00,True
D0763958,D0769965,1,1,2016,2017-10-19T00:00:00,True
D0763958,D0771183,1,1,2016,2017-10-19T00:00:00,True
D0763958,D0772977,1,1,2016,2017-10-19T00:00:00,True
D0765772,D0769965,1,1,2016,2017-10-19T00:00:00,True
D0765772,D0771183,1,1,2016,2017-10-19T00:00:00,True
D0765772,D0772977,1,1,2016,2017-10-19T00:00:00,True
D0769965,D0771183,1,1,2016,2017-10-19T00:00:00,True
D0769965,D0772977,1,1,2016,2017-10-19T00:00:00,True
D0771183,D0772977,1,1,2016,2017-10-19T00:00:00,True
D0755286,D0758486,1,1,2016,2021-06-24T00:00:00,True
D0755286,D0767676,1,1,2016,2021-06-24T00:00:00,True
D0755286,D0769968,1,1,2016,2021-06-24T00:00:00,True
D0758486,D0767676,1,1,2016,2021-06-24T00:00:00,True
D0758486,D0769968,1,1,2016,2021-06-24T00:00:00,True
D0758486,D0769965,3,3,2016,2017-09-22T00:00:00,True
D0767676,D0769968,1,1,2016,2021-06-24T00:00:00,True
D0750165,D0757170,1,1,2016,2022-02-01T00:00:00,True
D0750165,D0763957,1,1,2016,2022-02-01T00:00:00,True
D0757170,D0763957,1,1,2016,2022-02-01T00:00:00,True
D0763957,D0771182,3,3,2016,2020-03-12T00:00:00,True
D0763957,D0775275,3,3,2016,2020-03-12T00:00:00,True
D0749169,D0749172,1,1,2016,2018-01-10T00:00:00,True
D0749169,D0750164,1,1,2016,2018-01-10T00:00:00,True
D0749172,D0750164,1,1,2016,2018-01-10T00:00:00,True
D0749166,D0765770,1,1,2016,2020-05-14T00:00:00,True
D0747763,D0772335,1,1,2016,2018-09-27T00:00:00,True
D0748724,D0749671,1,1,2016,2018-07-16T00:00:00,True
D0755284,D0758486,2,2,2016,2017-09-22T00:00:00,True
D0755284,D0769965,2,2,2016,2017-09-22T00:00:00,True
D0751635,D0754787,4,4,2016,2017-09-22T00:00:00,True
D0751635,D0757165,2,2,2016,2017-09-22T00:00:00,True
D0751635,D0757164,1,1,2016,2017-09-07T00:00:00,True
D0751635,D0760835,1,1,2016,2023-02-14T00:00:00,True
D0751635,D0766359,1,1,2016,2023-02-14T00:00:00,True
D0754787,D0757165,2,2,2016,2017-09-22T00:00:00,True
D0754787,D0754788,1,1,2016,2022-12-29T00:00:00,True
D0754787,D0757164,1,1,2016,2017-09-07T00:00:00,True
D0757164,D0757165,1,1,2016,2017-09-07T00:00:00,True
D0761901,D0763352,2,2,2016,2022-10-25T00:00:00,True
D0751636,D0765166,1,1,2016,2019-10-18T00:00:00,True
D0751636,D0757848,1,1,2016,2018-03-26T00:00:00,True
D0751636,D0758481,1,1,2016,2018-03-26T00:00:00,True
D0751636,D0765773,1,1,2016,2018-03-26T00:00:00,True
D0751636,D0767671,1,1,2016,2018-03-26T00:00:00,True
D0751636,D0768768,1,1,2016,2018-03-26T00:00:00,True
D0751636,D0771182,1,1,2016,2018-03-26T00:00:00,True
D0751636,D0775275,1,1,2016,2018-03-26T00:00:00,True
D0751636,D0752140,1,1,2016,2020-07-29T00:00:00,True
D0765166,D0775275,4,4,2016,2023-02-15T00:00:00,True
D0765166,D0766359,2,2,2016,2023-02-15T00:00:00,True
D0765166,D0768768,2,2,2016,2023-02-15T00:00:00,True
D0765166,D0771182,1,1,2016,2020-01-28T00:00:00,True
D0750162,D0765166,1,1,2016,2022-02-16T00:00:00,True
D0750162,D0775275,1,1,2016,2022-02-16T00:00:00,True
D0750162,D0753217,1,1,2016,2018-06-26T00:00:00,True
D0750162,D0761902,1,1,2016,2018-06-26T00:00:00,True
D0750162,D0752137,2,2,2016,2019-03-07T00:00:00,True
D0750162,D0758481,2,2,2016,2019-03-07T00:00:00,True
D0766359,D0768768,2,2,2016,2023-02-15T00:00:00,True
D0766359,D0775275,1,1,2016,2023-02-15T00:00:00,True
D0766359,D0766360,2,2,2016,2020-07-29T00:00:00,True
D0766359,D0767671,1,1,2016,2020-07-29T00:00:00,True
D0768768,D0775275,2,2,2016,2023-02-15T00:00:00,True
D0768768,D0771182,1,1,2016,2018-03-26T00:00:00,True
D0771182,D0775275,6,6,2016,2020-07-21T00:00:00,True
D0768766,D0768767,1,1,2016,2020-02-18T00:00:00,True
D0761353,D0761906,1,1,2016,2020-01-27T00:00:00,True
D0761353,D0762770,1,1,2016,2020-01-27T00:00:00,True
D0761353,D0771184,1,1,2016,2020-01-27T00:00:00,True
D0761353,D0762260,1,1,2016,2019-07-08T00:00:00,True
D0761353,D0762261,1,1,2016,2019-07-08T00:00:00,True
D0761353,D0767672,1,1,2016,2019-07-08T00:00:00,True
D0761353,D0767673,1,1,2016,2019-07-08T00:00:00,True
D0761353,D0767674,1,1,2016,2019-07-08T00:00:00,True
D0761906,D0762770,1,1,2016,2020-01-27T00:00:00,True
D0761906,D0771184,1,1,2016,2020-01-27T00:00:00,True
D0762770,D0771184,1,1,2016,2020-01-27T00:00:00,True
D0746902,D0757162,1,1,2016,2020-06-01T00:00:00,True
D0746902,D0761899,3,3,2016,2018-10-05T00:00:00,True
D0746902,D0772335,2,2,2016,2018-10-05T00:00:00,True
D0746902,D0761350,2,2,2016,2018-08-27T00:00:00,True
D0753217,D0761902,1,1,2016,2018-06-26T00:00:00,True
D0752135,D0769965,2,2,2016,2017-10-05T00:00:00,True
D0759154,D0761353,1,1,2016,2020-01-24T00:00:00,True
D0759154,D0762260,1,1,2016,2020-01-24T00:00:00,True
D0759154,D0762261,1,1,2016,2020-01-24T00:00:00,True
D0759154,D0767672,1,1,2016,2020-01-24T00:00:00,True
D0759154,D0767673,1,1,2016,2020-01-24T00:00:00,True
D0759154,D0767674,1,1,2016,2020-01-24T00:00:00,True
D0759154,D0759155,3,3,2016,2020-04-07T00:00:00,True
D0759154,D0759156,3,3,2016,2020-04-07T00:00:00,True
D0759154,D0759157,3,3,2016,2020-04-07T00:00:00,True
D0762260,D0762261,1,1,2016,2019-07-08T00:00:00,True
D0762260,D0767672,1,1,2016,2019-07-08T00:00:00,True
D0762260,D0767673,1,1,2016,2019-07-08T00:00:00,True
D0762260,D0767674,1,1,2016,2019-07-08T00:00:00,True
D0762261,D0767672,1,1,2016,2020-10-06T00:00:00,True
D0762261,D0767673,1,1,2016,2020-10-06T00:00:00,True
D0762261,D0767674,1,1,2016,2020-10-06T00:00:00,True
D0767672,D0767673,1,1,2016,2020-10-06T00:00:00,True
D0767672,D0767674,1,1,2016,2020-10-06T00:00:00,True
D0767673,D0767674,1,1,2016,2019-07-08T00:00:00,True
D0763956,D0765767,1,1,2016,2019-02-08T00:00:00,True
D0763956,D0764574,1,1,2016,2020-04-29T00:00:00,True
D0757848,D0758481,1,1,2016,2017-09-20T00:00:00,True
D0757848,D0765773,1,1,2016,2017-09-20T00:00:00,True
D0757848,D0767671,1,1,2016,2017-09-20T00:00:00,True
D0757848,D0768768,1,1,2016,2017-09-20T00:00:00,True
D0757848,D0771182,1,1,2016,2017-09-20T00:00:00,True
D0757848,D0775275,1,1,2016,2017-09-20T00:00:00,True
D0758481,D0765773,1,1,2016,2017-09-20T00:00:00,True
D0758481,D0767671,1,1,2016,2017-09-20T00:00:00,True
D0758481,D0768768,1,1,2016,2017-09-20T00:00:00,True
D0758481,D0771182,1,1,2016,2017-09-20T00:00:00,True
D0758481,D0775275,1,1,2016,2017-09-20T00:00:00,True
D0758481,D0760834,1,1,2016,2020-03-05T00:00:00,True
D0758481,D0769368,1,1,2016,2022-01-03T00:00:00,True
D0765773,D0767671,1,1,2016,2018-03-26T00:00:00,True
D0765773,D0768768,1,1,2016,2018-03-26T00:00:00,True
D0765773,D0771182,2,2,2016,2020-02-04T00:00:00,True
D0765773,D0775275,1,1,2016,2018-03-26T00:00:00,True
D0767671,D0768768,1,1,2016,2018-03-26T00:00:00,True
D0767671,D0771182,1,1,2016,2018-03-26T00:00:00,True
D0767671,D0775275,1,1,2016,2018-03-26T00:00:00,True
D0747766,D0751637,4,4,2016,2021-12-07T00:00:00,True
D0747766,D0764575,2,2,2016,2020-10-20T00:00:00,True
D0751637,D0764575,2,2,2016,2020-04-16T00:00:00,True
D0752139,D0758483,3,3,2016,2017-10-19T00:00:00,True
D0752139,D0767671,1,1,2016,2017-10-19T00:00:00,True
D0752139,D0761903,1,1,2016,2020-07-13T00:00:00,True
D0758483,D0767671,1,1,2016,2017-10-19T00:00:00,True
D0761899,D0772335,2,2,2016,2018-10-05T00:00:00,True
D0761350,D0761899,2,2,2016,2018-08-27T00:00:00,True
D0761350,D0772335,1,1,2016,2018-04-25T00:00:00,True
D0766360,D0767671,2,2,2016,2022-02-28T00:00:00,True
D0752136,D0765164,1,1,2016,2019-09-13T00:00:00,True
D0752137,D0758481,2,2,2016,2018-05-25T00:00:00,True
D0752138,D0770565,4,4,2016,2022-04-05T00:00:00,True
D0750157,D0757847,1,1,2016,2018-09-06T00:00:00,True
D0767667,D0767668,1,1,2016,2021-01-27T00:00:00,True
D0759155,D0759156,3,3,2016,2020-04-07T00:00:00,True
D0759155,D0759157,3,3,2016,2020-04-07T00:00:00,True
D0759156,D0759157,3,3,2016,2020-04-07T00:00:00,True
D0748192,D0752132,1,1,2016,2019-05-01T00:00:00,True
D0754248,D0755283,1,1,2016,2020-05-29T00:00:00,True
D0754248,D0765164,1,1,2016,2020-05-29T00:00:00,True
D0755283,D0765164,1,1,2016,2020-05-29T00:00:00,True
D0750701,D0752134,1,1,2016,2018-10-16T00:00:00,True
D0750701,D0752135,1,1,2016,2018-10-16T00:00:00,True
D0752134,D0752135,1,1,2016,2018-10-16T00:00:00,True
D0760835,D0766359,1,1,2016,2023-02-14T00:00:00,True
D0747764,D0760834,1,1,2016,2020-01-16T00:00:00,True
D0747764,D0760835,1,1,2016,2020-01-16T00:00:00,True
D0760834,D0760835,1,1,2016,2020-01-16T00:00:00,True
D0757168,D0757169,1,1,2016,2019-11-19T00:00:00,True
D0760316,D0763955,1,1,2016,2018-04-30T00:00:00,True
D0786968,D0788213,1,1,2017,2018-02-21T00:00:00,True
D0786968,D0789446,1,1,2017,2018-02-21T00:00:00,True
D0786968,D0790004,1,1,2017,2018-02-21T00:00:00,True
D0786968,D0791224,1,1,2017,2018-02-21T00:00:00,True
D0786968,D0791862,1,1,2017,2018-02-21T00:00:00,True
D0786968,D0796573,1,1,2017,2018-02-21T00:00:00,True
D0786968,D0798948,1,1,2017,2018-02-21T00:00:00,True
D0786968,D0798949,1,1,2017,2018-02-21T00:00:00,True
D0788213,D0789446,1,1,2017,2018-02-21T00:00:00,True
D0788213,D0790004,2,2,2017,2018-02-21T00:00:00,True
D0788213,D0791224,1,1,2017,2018-02-21T00:00:00,True
D0788213,D0791862,1,1,2017,2018-02-21T00:00:00,True
D0788213,D0796573,1,1,2017,2018-02-21T00:00:00,True
D0788213,D0798948,2,2,2017,2018-02-21T00:00:00,True
D0788213,D0798949,2,2,2017,2018-02-21T00:00:00,True
D0788213,D0790005,1,1,2017,2017-11-02T00:00:00,True
D0789446,D0790004,1,1,2017,2018-02-21T00:00:00,True
D0789446,D0791224,1,1,2017,2018-02-21T00:00:00,True
D0789446,D0791862,1,1,2017,2018-02-21T00:00:00,True
D0789446,D0796573,1,1,2017,2018-02-21T00:00:00,True
D0789446,D0798948,1,1,2017,2018-02-21T00:00:00,True
D0789446,D0798949,1,1,2017,2018-02-21T00:00:00,True
D0790004,D0791224,1,1,2017,2018-02-21T00:00:00,True
D0790004,D0791862,1,1,2017,2018-02-21T00:00:00,True
D0790004,D0796573,1,1,2017,2018-02-21T00:00:00,True
D0790004,D0798948,2,2,2017,2018-05-29T00:00:00,True
D0790004,D0798949,2,2,2017,2018-05-29T00:00:00,True
D0790004,D0790005,1,1,2017,2018-05-29T00:00:00,True
D0791224,D0791862,1,1,2017,2018-02-21T00:00:00,True
D0791224,D0796573,1,1,2017,2018-02-21T00:00:00,True
D0791224,D0798948,1,1,2017,2018-02-21T00:00:00,True
D0791224,D0798949,1,1,2017,2018-02-21T00:00:00,True
D0791862,D0796573,1,1,2017,2018-02-21T00:00:00,True
D0791862,D0798948,1,1,2017,2018-02-21T00:00:00,True
D0791862,D0798949,1,1,2017,2018-02-21T00:00:00,True
D0796573,D0798948,1,1,2017,2018-02-21T00:00:00,True
D0796573,D0798949,1,1,2017,2018-02-21T00:00:00,True
D0798948,D0798949,3,3,2017,2019-09-13T00:00:00,True
D0790005,D0798948,1,1,2017,2018-05-29T00:00:00,True
D0790005,D0798949,1,1,2017,2018-05-29T00:00:00,True
D0777250,D0790624,1,1,2017,2022-10-26T00:00:00,True
D0785084,D0786341,2,2,2017,2019-10-21T00:00:00,True
D0785084,D0799588,1,1,2017,2019-04-11T00:00:00,True
D0796576,D0798382,1,1,2017,2018-05-17T00:00:00,True
D0799594,D0802659,1,1,2017,2022-04-21T00:00:00,True
D0799594,D0803310,1,1,2017,2022-04-21T00:00:00,True
D0802659,D0803310,1,1,2017,2022-04-21T00:00:00,True
D0777833,D0780840,2,2,2017,2021-06-24T00:00:00,True
D0777833,D0780841,1,1,2017,2021-06-24T00:00:00,True
D0777833,D0791867,1,1,2017,2021-06-24T00:00:00,True
D0777833,D0800214,1,1,2017,2021-06-24T00:00:00,True
D0777833,D0800216,1,1,2017,2021-06-24T00:00:00,True
D0777833,D0803310,1,1,2017,2021-06-24T00:00:00,True
D0780840,D0780841,1,1,2017,2021-06-24T00:00:00,True
D0780840,D0791867,1,1,2017,2021-06-24T00:00:00,True
D0780840,D0800214,2,2,2017,2021-08-05T00:00:00,True
D0780840,D0800216,2,2,2017,2021-08-05T00:00:00,True
D0780840,D0803310,1,1,2017,2021-06-24T00:00:00,True
D0780841,D0791867,1,1,2017,2021-06-24T00:00:00,True
D0780841,D0800214,1,1,2017,2021-06-24T00:00:00,True
D0780841,D0800216,1,1,2017,2021-06-24T00:00:00,True
D0780841,D0803310,1,1,2017,2021-06-24T00:00:00,True
D0791867,D0800214,1,1,2017,2021-06-24T00:00:00,True
D0791867,D0800216,1,1,2017,2021-06-24T00:00:00,True
D0791867,D0803310,1,1,2017,2021-06-24T00:00:00,True
D0800214,D0800216,2,2,2017,2021-08-05T00:00:00,True
D0800214,D0803310,1,1,2017,2021-06-24T00:00:00,True
D0800216,D0803310,1,1,2017,2021-06-24T00:00:00,True
D0799590,D0800210,1,1,2017,2021-05-25T00:00:00,True
D0799590,D0800211,1,1,2017,2021-05-25T00:00:00,True
D0800210,D0800211,2,2,2017,2021-05-25T00:00:00,True
D0781955,D0800210,2,2,2017,2023-02-14T00:00:00,True
D0781955,D0788843,1,1,2017,2017-10-03T00:00:00,True
D0781955,D0792923,1,1,2017,2017-10-03T00:00:00,True
D0781955,D0786342,1,1,2017,2022-03-23T00:00:00,True
D0788843,D0792923,1,1,2017,2017-10-03T00:00:00,True
D0792923,D0795953,1,1,2017,2020-04-30T00:00:00,True
D0792923,D0795954,1,1,2017,2020-04-30T00:00:00,True
D0792508,D0799594,1,1,2017,2021-11-24T00:00:00,True
D0783714,D0787586,1,1,2017,2023-01-19T00:00:00,True
D0783714,D0787587,1,1,2017,2023-01-19T00:00:00,True
D0783714,D0787590,1,1,2017,2023-01-19T00:00:00,True
D0783714,D0788844,1,1,2017,2023-01-19T00:00:00,True
D0783714,D0791230,1,1,2017,2023-01-19T00:00:00,True
D0787586,D0787587,1,1,2017,2023-01-19T00:00:00,True
D0787586,D0787590,1,1,2017,2023-01-19T00:00:00,True
D0787586,D0788844,1,1,2017,2023-01-19T00:00:00,True
D0787586,D0791230,1,1,2017,2023-01-19T00:00:00,True
D0787586,D0794708,1,1,2017,2020-03-20T00:00:00,True
D0787587,D0787590,1,1,2017,2023-01-19T00:00:00,True
D0787587,D0788844,1,1,2017,2023-01-19T00:00:00,True
D0787587,D0791230,1,1,2017,2023-01-19T00:00:00,True
D0787590,D0788844,1,1,2017,2023-01-19T00:00:00,True
D0787590,D0791230,1,1,2017,2023-01-19T00:00:00,True
D0788844,D0791230,1,1,2017,2023-01-19T00:00:00,True
D0785087,D0787586,1,1,2017,2020-03-20T00:00:00,True
D0785087,D0794708,1,1,2017,2020-03-20T00:00:00,True
D0795954,D0805578,1,1,2017,2018-01-10T00:00:00,True
D0795953,D0795954,1,1,2017,2020-04-30T00:00:00,True
D0779589,D0791865,1,1,2017,2019-09-13T00:00:00,True
D0779589,D0798948,1,1,2017,2019-09-13T00:00:00,True
D0779589,D0798949,1,1,2017,2019-09-13T00:00:00,True
D0779589,D0791227,1,1,2017,2022-03-01T00:00:00,True
D0791865,D0798948,1,1,2017,2019-09-13T00:00:00,True
D0791865,D0798949,1,1,2017,2019-09-13T00:00:00,True
D0781372,D0806158,1,1,2017,2018-08-10T00:00:00,True
D0806158,D0806160,1,1,2017,2020-09-04T00:00:00,True
D0777246,D0806158,1,1,2017,2019-02-08T00:00:00,True
D0786971,D0792923,2,2,2017,2022-02-25T00:00:00,True
D0777248,D0781955,3,3,2017,2017-09-22T00:00:00,True
D0793472,D0795339,2,2,2017,2020-02-06T00:00:00,True
D0791866,D0794117,1,1,2017,2019-02-15T00:00:00,True
D0791866,D0795339,1,1,2017,2019-02-15T00:00:00,True
D0791866,D0795340,1,1,2017,2019-02-15T00:00:00,True
D0794117,D0795339,1,1,2017,2019-02-15T00:00:00,True
D0783088,D0786963,1,1,2017,2017-10-13T00:00:00,True
D0788841,D0788842,2,2,2017,2020-02-06T00:00:00,True
D0802654,D0802655,2,2,2017,2020-01-21T00:00:00,True
D0786343,D0786348,1,1,2017,2023-04-14T00:00:00,True
D0785085,D0788843,2,2,2017,2022-04-27T00:00:00,True
D0818530,D0823935,1,1,2018,2021-02-03T00:00:00,True
D0823935,D0831106,1,1,2018,2021-02-03T00:00:00,True
D0810817,D0823935,3,3,2018,2021-12-07T00:00:00,True
D0810817,D0831106,1,1,2018,2021-02-03T00:00:00,True
D0810817,D0818040,1,1,2018,2020-02-24T00:00:00,True
D0810817,D0829274,1,1,2018,2020-02-24T00:00:00,True
D0806789,D0818533,2,2,2018,2020-08-19T00:00:00,True
D0818533,D0827021,1,1,2018,2022-04-21T00:00:00,True
D0818533,D0832916,1,1,2018,2022-04-21T00:00:00,True
D0807426,D0818528,3,3,2018,2022-04-19T00:00:00,True
D0807426,D0819124,3,3,2018,2022-04-19T00:00:00,True
D0807426,D0820907,3,3,2018,2022-04-19T00:00:00,True
D0807426,D0821488,3,3,2018,2022-04-19T00:00:00,True
D0807426,D0821489,3,3,2018,2022-04-19T00:00:00,True
D0807426,D0821490,3,3,2018,2022-04-19T00:00:00,True
D0807426,D0822103,3,3,2018,2022-04-19T00:00:00,True
D0807426,D0826321,3,3,2018,2022-04-19T00:00:00,True
D0807426,D0832343,3,3,2018,2022-04-19T00:00:00,True
D0807426,D0807428,1,1,2018,2022-01-03T00:00:00,True
D0807426,D0811474,1,1,2018,2022-01-03T00:00:00,True
D0807426,D0832342,1,1,2018,2022-01-03T00:00:00,True
D0807426,D0836712,1,1,2018,2022-01-03T00:00:00,True
D0818528,D0819124,3,3,2018,2022-01-04T00:00:00,True
D0818528,D0820907,3,3,2018,2022-01-04T00:00:00,True
D0818528,D0821488,3,3,2018,2022-01-04T00:00:00,True
D0818528,D0821489,3,3,2018,2022-01-04T00:00:00,True
D0818528,D0821490,3,3,2018,2022-01-04T00:00:00,True
D0818528,D0822103,3,3,2018,2022-01-04T00:00:00,True
D0818528,D0826321,3,3,2018,2022-01-04T00:00:00,True
D0818528,D0832343,3,3,2018,2022-01-04T00:00:00,True
D0819124,D0820907,3,3,2018,2022-04-19T00:00:00,True
D0819124,D0821488,3,3,2018,2022-04-19T00:00:00,True
D0819124,D0821489,3,3,2018,2022-04-19T00:00:00,True
D0819124,D0821490,3,3,2018,2022-04-19T00:00:00,True
D0819124,D0822103,3,3,2018,2022-04-19T00:00:00,True
D0819124,D0826321,3,3,2018,2022-04-19T00:00:00,True
D0819124,D0832343,3,3,2018,2022-04-19T00:00:00,True
D0820907,D0821488,3,3,2018,2022-04-19T00:00:00,True
D0820907,D0821489,3,3,2018,2022-04-19T00:00:00,True
D0820907,D0821490,3,3,2018,2022-04-19T00:00:00,True
D0820907,D0822103,3,3,2018,2022-04-19T00:00:00,True
D0820907,D0826321,3,3,2018,2022-04-19T00:00:00,True
D0820907,D0832343,3,3,2018,2022-04-19T00:00:00,True
D0821488,D0821489,3,3,2018,2022-04-19T00:00:00,True
D0821488,D0821490,3,3,2018,2022-04-19T00:00:00,True
D0821488,D0822103,3,3,2018,2022-04-19T00:00:00,True
D0821488,D0826321,3,3,2018,2022-04-19T00:00:00,True
D0821488,D0832343,3,3,2018,2022-04-19T00:00:00,True
D0821489,D0821490,3,3,2018,2022-04-19T00:00:00,True
D0821489,D0822103,3,3,2018,2022-04-19T00:00:00,True
D0821489,D0826321,3,3,2018,2022-04-19T00:00:00,True
D0821489,D0832343,3,3,2018,2022-04-19T00:00:00,True
D0821490,D0822103,4,4,2018,2022-04-19T00:00:00,True
D0821490,D0826321,4,4,2018,2022-04-19T00:00:00,True
D0821490,D0832343,4,4,2018,2022-04-19T00:00:00,True
D0821490,D0827021,3,3,2018,2021-08-05T00:00:00,True
D0821490,D0832342,1,1,2018,2021-06-24T00:00:00,True
D0821490,D0830451,1,1,2018,2019-08-07T00:00:00,True
D0822103,D0826321,4,4,2018,2022-04-19T00:00:00,True
D0822103,D0832343,3,3,2018,2022-04-19T00:00:00,True
D0822103,D0827021,1,1,2018,2019-08-07T00:00:00,True
D0822103,D0830451,1,1,2018,2019-08-07T00:00:00,True
D0826321,D0832343,4,4,2018,2022-04-21T00:00:00,True
D0826321,D0827021,1,1,2018,2019-08-07T00:00:00,True
D0826321,D0830451,1,1,2018,2019-08-07T00:00:00,True
D0807427,D0809592,2,2,2018,2020-07-13T00:00:00,True
D0807427,D0818528,1,1,2018,2020-07-13T00:00:00,True
D0807427,D0808461,1,1,2018,2019-08-07T00:00:00,True
D0807427,D0809594,1,1,2018,2019-08-07T00:00:00,True
D0807427,D0812684,1,1,2018,2019-08-07T00:00:00,True
D0809592,D0818528,1,1,2018,2020-07-13T00:00:00,True
D0809592,D0809594,1,1,2018,2019-08-07T00:00:00,True
D0809592,D0812684,1,1,2018,2019-08-07T00:00:00,True
D0809592,D0818527,1,1,2018,2021-11-24T00:00:00,True
D0807955,D0831738,1,1,2018,2020-05-07T00:00:00,True
D0807955,D0832338,1,1,2018,2020-05-07T00:00:00,True
D0831738,D0832338,1,1,2018,2020-05-07T00:00:00,True
D0814560,D0815195,1,1,2018,2020-04-23T00:00:00,True
D0814560,D0818533,1,1,2018,2020-04-23T00:00:00,True
D0815195,D0818533,1,1,2018,2020-04-23T00:00:00,True
D0816156,D0817388,1,1,2018,2019-08-20T00:00:00,True
D0816156,D0827022,1,1,2018,2019-08-20T00:00:00,True
D0817388,D0827022,1,1,2018,2019-08-20T00:00:00,True
D0827022,D0827705,1,1,2018,2023-02-15T00:00:00,True
D0813299,D0816156,1,1,2018,2021-11-30T00:00:00,True
D0818040,D0829274,1,1,2018,2020-02-24T00:00:00,True
D0819728,D0834640,3,3,2018,2022-01-20T00:00:00,True
D0828443,D0834641,2,2,2018,2022-02-28T00:00:00,True
D0806783,D0806784,1,1,2018,2019-01-04T00:00:00,True
D0806783,D0836711,1,1,2018,2019-01-04T00:00:00,True
D0806784,D0836711,1,1,2018,2019-01-04T00:00:00,True
D0812680,D0823380,1,1,2018,2019-02-15T00:00:00,True
D0808461,D0809594,2,2,2018,2021-06-24T00:00:00,True
D0808461,D0811474,1,1,2018,2021-06-24T00:00:00,True
D0808461,D0812134,1,1,2018,2021-06-24T00:00:00,True
D0808461,D0812683,1,1,2018,2021-06-24T00:00:00,True
D0808461,D0812684,2,2,2018,2021-06-24T00:00:00,True
D0808461,D0815197,1,1,2018,2021-06-24T00:00:00,True
D0808461,D0818532,1,1,2018,2021-06-24T00:00:00,True
D0808461,D0821490,1,1,2018,2021-06-24T00:00:00,True
D0808461,D0827021,1,1,2018,2021-06-24T00:00:00,True
D0808461,D0832342,1,1,2018,2021-06-24T00:00:00,True
D0808461,D0832343,1,1,2018,2021-06-24T00:00:00,True
D0808461,D0809592,1,1,2018,2019-08-07T00:00:00,True
D0809594,D0811474,2,2,2018,2021-08-05T00:00:00,True
D0809594,D0812134,2,2,2018,2021-08-05T00:00:00,True
D0809594,D0812683,2,2,2018,2021-08-05T00:00:00,True
D0809594,D0812684,3,3,2018,2021-08-05T00:00:00,True
D0809594,D0815197,2,2,2018,2021-08-05T00:00:00,True
D0809594,D0818532,1,1,2018,2021-06-24T00:00:00,True
D0809594,D0821490,2,2,2018,2021-08-05T00:00:00,True
D0809594,D0827021,2,2,2018,2021-08-05T00:00:00,True
D0809594,D0832342,1,1,2018,2021-06-24T00:00:00,True
D0809594,D0832343,1,1,2018,2021-06-24T00:00:00,True
D0811474,D0812134,2,2,2018,2021-08-05T00:00:00,True
D0811474,D0812683,2,2,2018,2021-08-05T00:00:00,True
D0811474,D0812684,2,2,2018,2021-08-05T00:00:00,True
D0811474,D0815197,3,3,2018,2021-08-05T00:00:00,True
D0811474,D0818532,1,1,2018,2021-06-24T00:00:00,True
D0811474,D0821490,2,2,2018,2021-08-05T00:00:00,True
D0811474,D0827021,2,2,2018,2021-08-05T00:00:00,True
D0811474,D0832342,2,2,2018,2022-01-03T00:00:00,True
D0811474,D0832343,2,2,2018,2021-06-24T00:00:00,True
D0811474,D0836712,1,1,2018,2022-01-03T00:00:00,True
D0811474,D0815199,1,1,2018,2020-04-02T00:00:00,True
D0812134,D0812683,2,2,2018,2021-08-05T00:00:00,True
D0812134,D0812684,2,2,2018,2021-08-05T00:00:00,True
D0812134,D0815197,2,2,2018,2021-08-05T00:00:00,True
D0812134,D0818532,1,1,2018,2021-06-24T00:00:00,True
D0812134,D0821490,2,2,2018,2021-08-05T00:00:00,True
D0812134,D0827021,2,2,2018,2021-08-05T00:00:00,True
D0812134,D0832342,1,1,2018,2021-06-24T00:00:00,True
D0812134,D0832343,1,1,2018,2021-06-24T00:00:00,True
D0812134,D0826321,1,1,2018,2021-11-22T00:00:00,True
D0812683,D0812684,2,2,2018,2021-08-05T00:00:00,True
D0812683,D0815197,2,2,2018,2021-08-05T00:00:00,True
D0812683,D0818532,1,1,2018,2021-06-24T00:00:00,True
D0812683,D0821490,3,3,2018,2021-08-05T00:00:00,True
D0812683,D0827021,3,3,2018,2021-08-05T00:00:00,True
D0812683,D0832342,1,1,2018,2021-06-24T00:00:00,True
D0812683,D0832343,1,1,2018,2021-06-24T00:00:00,True
D0812683,D0822103,1,1,2018,2019-08-07T00:00:00,True
D0812683,D0826321,1,1,2018,2019-08-07T00:00:00,True
D0812683,D0830451,1,1,2018,2019-08-07T00:00:00,True
D0812684,D0815197,2,2,2018,2021-08-05T00:00:00,True
D0812684,D0818532,1,1,2018,2021-06-24T00:00:00,True
D0812684,D0821490,2,2,2018,2021-08-05T00:00:00,True
D0812684,D0827021,2,2,2018,2021-08-05T00:00:00,True
D0812684,D0832342,1,1,2018,2021-06-24T00:00:00,True
D0812684,D0832343,1,1,2018,2021-06-24T00:00:00,True
D0815197,D0818532,1,1,2018,2021-06-24T00:00:00,True
D0815197,D0821490,2,2,2018,2021-08-05T00:00:00,True
D0815197,D0827021,2,2,2018,2021-08-05T00:00:00,True
D0815197,D0832342,1,1,2018,2021-06-24T00:00:00,True
D0815197,D0832343,2,2,2018,2021-06-24T00:00:00,True
D0815197,D0815199,1,1,2018,2020-09-22T00:00:00,True
D0815197,D0824996,2,2,2018,2022-10-25T00:00:00,True
D0815197,D0836713,2,2,2018,2022-10-25T00:00:00,True
D0818532,D0821490,1,1,2018,2021-06-24T00:00:00,True
D0818532,D0827021,1,1,2018,2021-06-24T00:00:00,True
D0818532,D0832342,1,1,2018,2021-06-24T00:00:00,True
D0818532,D0832343,1,1,2018,2021-06-24T00:00:00,True
D0827021,D0832342,1,1,2018,2021-06-24T00:00:00,True
D0827021,D0832343,1,1,2018,2021-06-24T00:00:00,True
D0827021,D0830451,1,1,2018,2019-08-07T00:00:00,True
D0827021,D0832916,1,1,2018,2022-04-21T00:00:00,True
D0832342,D0832343,1,1,2018,2021-06-24T00:00:00,True
D0832342,D0836712,1,1,2018,2022-01-03T00:00:00,True
D0810816,D0811472,3,3,2018,2021-11-16T00:00:00,True
D0810816,D0831107,1,1,2018,2022-07-11T00:00:00,True
D0810816,D0831106,1,1,2018,2020-12-15T00:00:00,True
D0810816,D0814559,1,1,2018,2018-04-27T00:00:00,True
D0811472,D0814559,1,1,2018,2018-04-27T00:00:00,True
D0815198,D0826317,1,1,2018,2022-12-29T00:00:00,True
D0815198,D0827020,3,3,2018,2023-02-14T00:00:00,True
D0815198,D0818533,1,1,2018,2022-07-20T00:00:00,True
D0826317,D0827020,1,1,2018,2022-12-29T00:00:00,True
D0810194,D0824455,1,1,2018,2023-04-14T00:00:00,True
D0810194,D0826319,1,1,2018,2023-04-14T00:00:00,True
D0810194,D0818534,1,1,2018,2022-02-28T00:00:00,True
D0824455,D0826319,1,1,2018,2023-04-14T00:00:00,True
D0806791,D0810194,1,1,2018,2022-02-28T00:00:00,True
D0806791,D0818534,1,1,2018,2022-02-28T00:00:00,True
D0818534,D0822760,2,2,2018,2018-10-18T00:00:00,True
D0810820,D0836714,2,2,2018,2022-10-05T00:00:00,True
D0810820,D0813296,1,1,2018,2022-02-16T00:00:00,True
D0810820,D0826320,1,1,2018,2020-03-05T00:00:00,True
D0810820,D0833521,1,1,2018,2020-03-05T00:00:00,True
D0806792,D0813939,1,1,2018,2022-04-21T00:00:00,True
D0806792,D0813940,1,1,2018,2022-04-21T00:00:00,True
D0806792,D0818533,1,1,2018,2022-04-21T00:00:00,True
D0806792,D0827021,1,1,2018,2022-04-21T00:00:00,True
D0806792,D0832916,1,1,2018,2022-04-21T00:00:00,True
D0813939,D0813940,1,1,2018,2022-04-21T00:00:00,True
D0813939,D0818533,1,1,2018,2022-04-21T00:00:00,True
D0813939,D0827021,1,1,2018,2022-04-21T00:00:00,True
D0813939,D0832916,1,1,2018,2022-04-21T00:00:00,True
D0813940,D0818533,1,1,2018,2022-04-21T00:00:00,True
D0813940,D0827021,1,1,2018,2022-04-21T00:00:00,True
D0813940,D0832916,1,1,2018,2022-04-21T00:00:00,True
D0816763,D0820350,1,1,2018,2018-08-08T00:00:00,True
D0824454,D0824994,1,1,2018,2019-10-01T00:00:00,True
D0824454,D0824995,1,1,2018,2019-10-01T00:00:00,True
D0824994,D0824995,2,2,2018,2021-11-26T00:00:00,True
D0810192,D0826321,1,1,2018,2022-04-21T00:00:00,True
D0810192,D0832343,1,1,2018,2022-04-21T00:00:00,True
D0806790,D0815683,5,5,2018,2023-01-17T00:00:00,True
D0806790,D0828442,4,4,2018,2023-01-17T00:00:00,True
D0806790,D0829276,4,4,2018,2023-01-17T00:00:00,True
D0815683,D0828442,4,4,2018,2023-01-17T00:00:00,True
D0815683,D0829276,4,4,2018,2023-01-17T00:00:00,True
D0828442,D0829276,5,5,2018,2023-01-17T00:00:00,True
D0809596,D0815200,1,1,2018,2020-03-20T00:00:00,True
D0809596,D0823941,1,1,2018,2020-03-20T00:00:00,True
D0809596,D0829816,1,1,2018,2020-03-20T00:00:00,True
D0815200,D0823941,1,1,2018,2020-03-20T00:00:00,True
D0815200,D0829816,1,1,2018,2020-03-20T00:00:00,True
D0823941,D0829816,1,1,2018,2020-03-20T00:00:00,True
D0809059,D0818041,3,3,2018,2022-04-26T00:00:00,True
D0809059,D0818533,3,3,2018,2022-04-26T00:00:00,True
D0818041,D0818533,3,3,2018,2022-04-26T00:00:00,True
D0817391,D0818533,2,2,2018,2022-02-02T00:00:00,True
D0812132,D0812678,1,1,2018,2020-01-28T00:00:00,True
D0812678,D0829277,1,1,2018,2019-04-11T00:00:00,True
D0823936,D0832337,1,1,2018,2021-11-03T00:00:00,True
D0813296,D0836714,1,1,2018,2022-02-16T00:00:00,True
D0832340,D0833520,2,2,2018,2020-05-29T00:00:00,True
D0832340,D0833519,1,1,2018,2020-05-29T00:00:00,True
D0833519,D0833520,1,1,2018,2020-05-29T00:00:00,True
D0828868,D0829813,3,3,2018,2021-12-09T00:00:00,True
D0828868,D0829814,3,3,2018,2021-12-09T00:00:00,True
D0829813,D0829814,5,5,2018,2021-12-09T00:00:00,True
D0806785,D0807425,4,4,2018,2020-05-28T00:00:00,True
D0806785,D0810190,4,4,2018,2020-05-28T00:00:00,True
D0807425,D0810190,4,4,2018,2020-05-28T00:00:00,True
D0814559,D0818524,1,1,2018,2020-02-18T00:00:00,True
D0807428,D0811474,1,1,2018,2022-05-24T00:00:00,True
D0807428,D0832342,1,1,2018,2022-05-24T00:00:00,True
D0807428,D0836712,1,1,2018,2022-05-24T00:00:00,True
D0807424,D0810816,1,1,2018,2018-04-27T00:00:00,True
D0807424,D0811472,1,1,2018,2018-04-27T00:00:00,True
D0807424,D0814559,1,1,2018,2018-04-27T00:00:00,True
D0812682,D0829812,2,2,2018,2021-10-05T00:00:00,True
D0815199,D0832343,1,1,2018,2020-09-22T00:00:00,True
D0810819,D0812136,8,8,2018,2022-03-16T00:00:00,True
D0810819,D0823383,1,1,2018,2020-10-14T00:00:00,True
D0810819,D0823384,1,1,2018,2020-10-14T00:00:00,True
D0812136,D0823383,1,1,2018,2020-10-14T00:00:00,True
D0812136,D0823384,1,1,2018,2020-10-14T00:00:00,True
D0823383,D0823384,4,4,2018,2022-03-01T00:00:00,True
D0824996,D0836713,2,2,2018,2022-10-25T00:00:00,True
D0826320,D0829277,1,1,2018,2020-03-05T00:00:00,True
D0826320,D0833521,1,1,2018,2020-03-05T00:00:00,True
D0807429,D0823383,1,1,2018,2022-03-01T00:00:00,True
D0807429,D0823384,1,1,2018,2022-03-01T00:00:00,True
D0816154,D0823382,2,2,2018,2020-08-24T00:00:00,True
D0816153,D0829813,2,2,2018,2020-02-06T00:00:00,True
D0816153,D0829814,2,2,2018,2020-02-06T00:00:00,True
D0852269,D0864286,1,1,2019,2021-11-02T00:00:00,True
D0861778,D0871500,2,2,2019,2022-08-16T00:00:00,True
D0856410,D0861778,1,1,2019,2020-10-23T00:00:00,True
D0856410,D0871500,1,1,2019,2020-10-23T00:00:00,True
D0856413,D0861067,1,1,2019,2021-08-05T00:00:00,True
D0856413,D0861781,1,1,2019,2021-08-05T00:00:00,True
D0856413,D0867445,1,1,2019,2021-08-05T00:00:00,True
D0856413,D0868885,1,1,2019,2021-08-05T00:00:00,True
D0861067,D0861781,1,1,2019,2021-08-05T00:00:00,True
D0861067,D0867445,1,1,2019,2021-08-05T00:00:00,True
D0861067,D0868885,1,1,2019,2021-08-05T00:00:00,True
D0861781,D0867445,1,1,2019,2021-08-05T00:00:00,True
D0861781,D0868885,1,1,2019,2021-08-05T00:00:00,True
D0861781,D0868151,1,1,2019,2021-08-05T00:00:00,True
D0867445,D0868885,1,1,2019,2021-08-05T00:00:00,True
D0843441,D0843442,1,1,2019,2021-08-19T00:00:00,True
D0843441,D0844049,2,2,2019,2022-09-16T00:00:00,True
D0843441,D0844700,2,2,2019,2022-09-16T00:00:00,True
D0843441,D0846633,1,1,2019,2021-08-19T00:00:00,True
D0843442,D0844049,1,1,2019,2021-08-19T00:00:00,True
D0843442,D0844700,1,1,2019,2021-08-19T00:00:00,True
D0843442,D0846633,3,3,2019,2021-08-19T00:00:00,True
D0844049,D0844700,2,2,2019,2022-09-16T00:00:00,True
D0844049,D0846633,1,1,2019,2021-08-19T00:00:00,True
D0844700,D0846633,1,1,2019,2021-08-19T00:00:00,True
D0841731,D0861068,1,1,2019,2022-04-21T00:00:00,True
D0841731,D0857793,3,3,2019,2022-04-19T00:00:00,True
D0841731,D0868884,3,3,2019,2022-04-19T00:00:00,True
D0852880,D0854078,1,1,2019,2022-02-08T00:00:00,True
D0848525,D0849134,1,1,2019,2021-08-05T00:00:00,True
D0848525,D0861781,1,1,2019,2021-08-05T00:00:00,True
D0848525,D0868151,1,1,2019,2021-08-05T00:00:00,True
D0849134,D0861781,1,1,2019,2021-08-05T00:00:00,True
D0849134,D0868151,1,1,2019,2021-08-05T00:00:00,True
D0849134,D0865052,1,1,2019,2022-01-03T00:00:00,True
D0868151,D0868884,2,2,2019,2020-04-29T00:00:00,True
D0844046,D0851697,1,1,2019,2021-02-03T00:00:00,True
D0844046,D0857791,2,2,2019,2021-02-03T00:00:00,True
D0844046,D0849832,1,1,2019,2020-12-15T00:00:00,True
D0844046,D0844696,2,2,2019,2020-06-01T00:00:00,True
D0844046,D0852268,1,1,2019,2020-06-01T00:00:00,True
D0851697,D0857791,1,1,2019,2021-02-03T00:00:00,True
D0851697,D0859516,1,1,2019,2020-02-18T00:00:00,True
D0851697,D0860307,1,1,2019,2020-02-18T00:00:00,True
D0844696,D0852268,1,1,2019,2020-06-01T00:00:00,True
D0838770,D0844047,1,1,2019,2020-02-18T00:00:00,True
D0838770,D0851169,1,1,2019,2020-02-18T00:00:00,True
D0838770,D0851697,1,1,2019,2020-02-18T00:00:00,True
D0838770,D0859516,1,1,2019,2020-02-18T00:00:00,True
D0838770,D0860307,1,1,2019,2020-02-18T00:00:00,True
D0844047,D0851169,1,1,2019,2020-02-18T00:00:00,True
D0844047,D0851697,1,1,2019,2020-02-18T00:00:00,True
D0844047,D0859516,1,1,2019,2020-02-18T00:00:00,True
D0844047,D0860307,1,1,2019,2020-02-18T00:00:00,True
D0851169,D0851697,1,1,2019,2020-02-18T00:00:00,True
D0851169,D0859516,4,4,2019,2021-07-23T00:00:00,True
D0851169,D0860307,1,1,2019,2020-02-18T00:00:00,True
D0859516,D0860307,1,1,2019,2020-02-18T00:00:00,True
D0870805,D0870806,1,1,2019,2022-02-16T00:00:00,True
D0845385,D0870203,2,2,2019,2022-04-05T00:00:00,True
D0840467,D0849132,1,1,2019,2019-05-30T00:00:00,True
D0840467,D0849133,1,1,2019,2019-05-30T00:00:00,True
D0849132,D0849133,1,1,2019,2019-05-30T00:00:00,True
D0845384,D0849132,1,1,2019,2020-05-14T00:00:00,True
D0843443,D0845384,1,1,2019,2019-09-13T00:00:00,True
D0844699,D0854079,1,1,2019,2019-10-07T00:00:00,True
D0854079,D0861065,1,1,2019,2020-03-05T00:00:00,True
D0844702,D0854079,1,1,2019,2020-03-05T00:00:00,True
D0844702,D0861065,1,1,2019,2020-03-05T00:00:00,True
D0837290,D0859517,1,1,2019,2022-06-13T00:00:00,True
D0837290,D0853479,2,2,2019,2022-02-02T00:00:00,True
D0848526,D0867446,1,1,2019,2022-02-22T00:00:00,True
D0837292,D0841731,3,3,2019,2022-01-04T00:00:00,True
D0837292,D0857793,3,3,2019,2022-01-04T00:00:00,True
D0837292,D0868884,3,3,2019,2022-01-04T00:00:00,True
D0857793,D0868884,3,3,2019,2022-04-19T00:00:00,True
D0838772,D0843444,1,1,2019,2020-04-30T00:00:00,True
D0838772,D0850530,1,1,2019,2020-04-30T00:00:00,True
D0843444,D0850530,1,1,2019,2019-10-21T00:00:00,True
D0868147,D0870202,1,1,2019,2020-01-27T00:00:00,True
D0857092,D0858627,1,1,2019,2020-01-28T00:00:00,True
D0857092,D0861065,3,3,2019,2022-11-09T00:00:00,True
D0858627,D0861065,1,1,2019,2020-01-28T00:00:00,True
D0838311,D0857092,1,1,2019,2020-02-04T00:00:00,True
D0858628,D0859518,1,1,2019,2023-02-09T00:00:00,True
D0846632,D0848524,1,1,2019,2019-10-01T00:00:00,True
D0842926,D0849834,1,1,2019,2023-08-31T00:00:00,True
D0865052,D0868151,2,2,2019,2020-08-19T00:00:00,True
D0865052,D0868884,2,2,2019,2020-08-19T00:00:00,True
D0844052,D0851698,5,5,2019,2023-01-17T00:00:00,True
D0844045,D0850524,1,1,2019,2021-10-25T00:00:00,True
D0844045,D0871499,1,1,2019,2021-10-25T00:00:00,True
D0850524,D0871499,1,1,2019,2021-10-25T00:00:00,True
D0876534,D0895002,1,1,2020,2021-08-19T00:00:00,True
D0876537,D0886901,1,1,2020,2022-02-17T00:00:00,True
D0876537,D0888150,1,1,2020,2022-02-17T00:00:00,True
D0886901,D0888150,1,1,2020,2022-02-17T00:00:00,True
D0876533,D0893591,2,2,2020,2022-11-09T00:00:00,True
D0876533,D0893589,1,1,2020,2023-01-25T00:00:00,True
D0893591,D0900211,1,1,2020,2022-11-09T00:00:00,True
D0882676,D0902296,1,1,2020,2021-02-03T00:00:00,True
D0882676,D0883373,4,4,2020,2021-08-03T00:00:00,True
D0882677,D0882678,1,1,2020,2021-11-30T00:00:00,True
D0882677,D0882679,1,1,2020,2021-11-30T00:00:00,True
D0882678,D0882679,1,1,2020,2021-11-30T00:00:00,True
D0894271,D0895004,4,4,2020,2022-08-03T00:00:00,True
D0880580,D0881269,2,2,2020,2021-04-14T00:00:00,True
D0880580,D0886189,1,1,2020,2021-03-11T00:00:00,True
D0880580,D0886190,2,2,2020,2021-04-14T00:00:00,True
D0881269,D0886189,1,1,2020,2021-07-23T00:00:00,True
D0881269,D0886190,2,2,2020,2021-07-23T00:00:00,True
D0886189,D0886190,1,1,2020,2021-07-23T00:00:00,True
D0892920,D0893594,1,1,2020,2022-12-29T00:00:00,True
D0893594,D0894264,1,1,2020,2023-02-15T00:00:00,True
D0883374,D0886188,1,1,2020,2020-12-07T00:00:00,True
D0889537,D0896885,4,4,2020,2023-01-17T00:00:00,True
D0883373,D0902297,1,1,2020,2021-07-02T00:00:00,True
D0876535,D0879194,3,3,2020,2021-12-09T00:00:00,True
D0876535,D0894267,3,3,2020,2021-12-09T00:00:00,True
D0876535,D0906415,1,1,2020,2021-12-09T00:00:00,True
D0876535,D0906416,1,1,2020,2021-12-09T00:00:00,True
D0879194,D0894267,3,3,2020,2021-12-09T00:00:00,True
D0879194,D0906415,1,1,2020,2021-12-09T00:00:00,True
D0879194,D0906416,1,1,2020,2021-12-09T00:00:00,True
D0894267,D0906415,1,1,2020,2021-12-09T00:00:00,True
D0894267,D0906416,1,1,2020,2021-12-09T00:00:00,True
D0906415,D0906416,1,1,2020,2021-12-09T00:00:00,True
D0888148,D0900924,2,2,2020,2021-06-08T00:00:00,True
D0873333,D0881987,1,1,2020,2021-08-05T00:00:00,True
D0873333,D0893603,1,1,2020,2021-08-05T00:00:00,True
D0873333,D0894272,1,1,2020,2021-08-05T00:00:00,True
D0881987,D0893603,1,1,2020,2021-08-05T00:00:00,True
D0881987,D0894272,1,1,2020,2021-08-05T00:00:00,True
D0893603,D0894272,1,1,2020,2021-08-05T00:00:00,True
D0892919,D0897421,1,1,2020,2022-02-28T00:00:00,True
D0892919,D0892924,1,1,2020,2022-04-27T00:00:00,True
D0892924,D0897421,1,1,2020,2021-11-24T00:00:00,True
D0894264,D0900214,2,2,2020,2022-06-13T00:00:00,True
D0873911,D0879874,1,1,2020,2021-12-08T00:00:00,True
D0872171,D0883373,1,1,2020,2021-02-03T00:00:00,True
D0888822,D0892923,1,1,2020,2021-05-14T00:00:00,True
D0879873,D0886187,3,3,2020,2020-07-02T00:00:00,True
D0879873,D0886896,3,3,2020,2020-07-02T00:00:00,True
D0879873,D0886897,3,3,2020,2020-07-02T00:00:00,True
D0886187,D0886896,3,3,2020,2020-11-30T00:00:00,True
D0886187,D0886897,3,3,2020,2020-11-30T00:00:00,True
D0886896,D0886897,3,3,2020,2020-11-30T00:00:00,True
D0877240,D0894271,1,1,2020,2020-10-08T00:00:00,True
D0873332,D0873333,1,1,2020,2021-08-05T00:00:00,True
D0908169,D0928871,1,1,2021,2021-12-09T00:00:00,True
D0912135,D0916181,4,4,2021,2023-01-17T00:00:00,True
D0912135,D0916182,4,4,2021,2023-01-17T00:00:00,True
D0912135,D0916183,4,4,2021,2023-01-17T00:00:00,True
D0912135,D0917614,4,4,2021,2023-01-17T00:00:00,True
D0916181,D0916182,4,4,2021,2023-01-17T00:00:00,True
D0916181,D0916183,4,4,2021,2023-01-17T00:00:00,True
D0916181,D0917614,4,4,2021,2023-01-17T00:00:00,True
D0916182,D0916183,4,4,2021,2023-01-17T00:00:00,True
D0916182,D0917614,4,4,2021,2023-01-17T00:00:00,True
D0916183,D0917614,4,4,2021,2023-01-17T00:00:00,True
D0917614,D0926876,2,2,2021,2022-09-14T00:00:00,True
D0917614,D0923701,1,1,2021,2021-11-30T00:00:00,True
D0909469,D0913365,1,1,2021,2021-04-08T00:00:00,True
D0915504,D0919699,1,1,2021,2022-02-08T00:00:00,True
D0907701,D0911436,1,1,2021,2022-12-20T00:00:00,True
D0907701,D0915505,1,1,2021,2022-12-20T00:00:00,True
D0907701,D0923702,1,1,2021,2022-12-20T00:00:00,True
D0911436,D0915505,1,1,2021,2022-12-20T00:00:00,True
D0911436,D0923702,1,1,2021,2022-12-20T00:00:00,True
D0915505,D0923702,1,1,2021,2022-12-20T00:00:00,True
D0911434,D0923698,2,2,2021,2021-11-22T00:00:00,True
D0911434,D0923699,1,1,2021,2021-09-27T00:00:00,True
D0923698,D0923699,1,1,2021,2021-12-08T00:00:00,True
D0915508,D0934341,1,1,2021,2022-02-16T00:00:00,True
D0916954,D0928227,3,3,2021,2022-02-18T00:00:00,True
D0908789,D0913367,1,1,2021,2021-12-08T00:00:00,True
D0908789,D0924318,1,1,2021,2021-12-08T00:00:00,True
D0908789,D0933742,1,1,2021,2021-12-08T00:00:00,True
D0913367,D0924318,1,1,2021,2021-12-08T00:00:00,True
D0913367,D0933742,1,1,2021,2021-12-08T00:00:00,True
D0924318,D0933742,1,1,2021,2021-12-08T00:00:00,True
D0916956,D0923698,1,1,2021,2021-12-08T00:00:00,True
D0916956,D0923699,1,1,2021,2021-12-08T00:00:00,True
D0925647,D0936141,1,1,2021,2022-10-26T00:00:00,True
D0957517,D0958236,2,2,2022,2023-03-28T00:00:00,True
D0942535,D0949237,1,1,2022,2022-12-20T00:00:00,True
D0942535,D0952031,1,1,2022,2022-12-20T00:00:00,True
D0942535,D0952032,1,1,2022,2022-12-20T00:00:00,True
D0942535,D0956137,1,1,2022,2022-12-20T00:00:00,True
D0942535,D0958882,1,1,2022,2022-12-20T00:00:00,True
D0942535,D0964459,1,1,2022,2022-12-20T00:00:00,True
D0942535,D0964460,1,1,2022,2022-12-20T00:00:00,True
D0942535,D0970605,1,1,2022,2022-12-20T00:00:00,True
D0942535,D0970606,1,1,2022,2022-12-20T00:00:00,True
D0942535,D0946651,1,1,2022,2022-02-15T00:00:00,True
D0949237,D0952031,1,1,2022,2022-12-20T00:00:00,True
D0949237,D0952032,1,1,2022,2022-12-20T00:00:00,True
D0949237,D0956137,1,1,2022,2022-12-20T00:00:00,True
D0949237,D0958882,1,1,2022,2022-12-20T00:00:00,True
D0949237,D0964459,1,1,2022,2022-12-20T00:00:00,True
D0949237,D0964460,1,1,2022,2022-12-20T00:00:00,True
D0949237,D0970605,1,1,2022,2022-12-20T00:00:00,True
D0949237,D0970606,1,1,2022,2022-12-20T00:00:00,True
D0952031,D0952032,1,1,2022,2022-12-20T00:00:00,True
D0952031,D0956137,1,1,2022,2022-12-20T00:00:00,True
D0952031,D0958882,1,1,2022,2022-12-20T00:00:00,True
D0952031,D0964459,1,1,2022,2022-12-20T00:00:00,True
D0952031,D0964460,1,1,2022,2022-12-20T00:00:00,True
D0952031,D0970605,1,1,2022,2022-12-20T00:00:00,True
D0952031,D0970606,1,1,2022,2022-12-20T00:00:00,True
D0952032,D0956137,1,1,2022,2022-12-20T00:00:00,True
D0952032,D0958882,1,1,2022,2022-12-20T00:00:00,True
D0952032,D0964459,1,1,2022,2022-12-20T00:00:00,True
D0952032,D0964460,1,1,2022,2022-12-20T00:00:00,True
D0952032,D0970605,1,1,2022,2022-12-20T00:00:00,True
D0952032,D0970606,1,1,2022,2022-12-20T00:00:00,True
D0956137,D0958882,1,1,2022,2022-12-20T00:00:00,True
D0956137,D0964459,1,1,2022,2022-12-20T00:00:00,True
D0956137,D0964460,1,1,2022,2022-12-20T00:00:00,True
D0956137,D0970605,1,1,2022,2022-12-20T00:00:00,True
D0956137,D0970606,1,1,2022,2022-12-20T00:00:00,True
D0958882,D0964459,1,1,2022,2022-12-20T00:00:00,True
D0958882,D0964460,1,1,2022,2022-12-20T00:00:00,True
D0958882,D0970605,1,1,2022,2022-12-20T00:00:00,True
D0958882,D0970606,1,1,2022,2022-12-20T00:00:00,True
D0964459,D0964460,1,1,2022,2022-12-20T00:00:00,True
D0964459,D0970605,1,1,2022,2022-12-20T00:00:00,True
D0964459,D0970606,1,1,2022,2022-12-20T00:00:00,True
D0964460,D0970605,1,1,2022,2022-12-20T00:00:00,True
D0964460,D0970606,1,1,2022,2022-12-20T00:00:00,True
D0970605,D0970606,1,1,2022,2022-12-20T00:00:00,True
D0957516,D0961670,1,1,2022,2022-12-08T00:00:00,True
D0941911,D0957514,1,1,2022,2023-03-15T00:00:00,True
D0956136,D0957517,1,1,2022,2023-03-28T00:00:00,True
D0956136,D0958236,1,1,2022,2023-03-28T00:00:00,True
D0946651,D0948606,1,1,2022,2023-02-14T00:00:00,True
D0946651,D0956133,1,1,2022,2023-02-14T00:00:00,True
D0946651,D0956861,1,1,2022,2023-02-14T00:00:00,True
D0946651,D0973766,1,1,2022,2023-02-14T00:00:00,True
D0943662,D0946651,2,2,2022,2023-02-14T00:00:00,True
D0943662,D0948606,1,1,2022,2023-02-14T00:00:00,True
D0943662,D0956133,1,1,2022,2023-02-14T00:00:00,True
D0943662,D0956861,1,1,2022,2023-02-14T00:00:00,True
D0943662,D0973766,1,1,2022,2023-02-14T00:00:00,True
D0948606,D0956133,1,1,2022,2023-02-14T00:00:00,True
D0948606,D0956861,1,1,2022,2023-02-14T00:00:00,True
D0948606,D0973766,1,1,2022,2023-02-14T00:00:00,True
D0956133,D0956861,1,1,2022,2023-02-14T00:00:00,True
D0956133,D0973766,1,1,2022,2023-02-14T00:00:00,True
D0956861,D0973766,1,1,2022,2023-02-14T00:00:00,True
