node_A,node_B,node_C,sim_A_B,sim_B_C
D0538335,D0549280,D0556258,0.872118,0.968091
D0538335,D0549280,D0557334,0.872118,0.959224
D0549280,D0556258,D0557334,0.968091,0.948927
D0544907,D0556253,D0558262,0.845724,0.70057
D0537470,D0538842,D0538843,0.543019,0.677597
D0537470,D0538842,D0539334,0.543019,0.718705
D0537470,D0538842,D0539837,0.543019,0.623161
D0537470,D0538842,D0545886,0.543019,0.992752
D0537470,D0538842,D0552669,0.543019,0.839569
D0537470,D0538843,D0539334,0.948431,0.981594
D0537470,D0538843,D0539837,0.948431,0.976195
D0537470,D0538843,D0545886,0.948431,0.69272
D0537470,D0538843,D0552669,0.948431,0.913004
D0537470,D0539334,D0539837,0.936468,0.974274
D0537470,D0539334,D0545886,0.936468,0.730189
D0537470,D0539334,D0552669,0.936468,0.916946
D0537470,D0539837,D0545886,0.96203,0.635576
D0537470,D0539837,D0552669,0.96203,0.869682
D0537470,D0545886,D0552669,0.555523,0.85469
D0537470,D0545886,D0545887,0.555523,0.977218
D0538842,D0538843,D0539334,0.677597,0.981594
D0538842,D0538843,D0539837,0.677597,0.976195
D0538842,D0538843,D0545886,0.677597,0.69272
D0538842,D0538843,D0552669,0.677597,0.913004
D0538842,D0539334,D0539837,0.718705,0.974274
D0538842,D0539334,D0545886,0.718705,0.730189
D0538842,D0539334,D0552669,0.718705,0.916946
D0538842,D0539837,D0545886,0.623161,0.635576
D0538842,D0539837,D0552669,0.623161,0.869682
D0538842,D0545886,D0552669,0.992752,0.85469
D0538842,D0545886,D0545887,0.992752,0.977218
D0538843,D0539334,D0539837,0.981594,0.974274
D0538843,D0539334,D0545886,0.981594,0.730189
D0538843,D0539334,D0552669,0.981594,0.916946
D0538843,D0539837,D0545886,0.976195,0.635576
D0538843,D0539837,D0552669,0.976195,0.869682
D0538843,D0545886,D0552669,0.69272,0.85469
D0538843,D0545886,D0545887,0.69272,0.977218
D0539334,D0539837,D0545886,0.974274,0.635576
D0539334,D0539837,D0552669,0.974274,0.869682
D0539334,D0545886,D0552669,0.730189,0.85469
D0539334,D0545886,D0545887,0.730189,0.977218
D0539837,D0545886,D0552669,0.635576,0.85469
D0539837,D0545886,D0545887,0.635576,0.977218
D0536374,D0540855,D0549280,0.695371,0.724014
D0536374,D0540855,D0556258,0.695371,0.689712
D0536374,D0540855,D0557334,0.695371,0.742025
D0536374,D0540855,D0541337,0.695371,0.835689
D0536374,D0549280,D0556258,0.9094,0.968091
D0536374,D0549280,D0557334,0.9094,0.959224
D0536374,D0556258,D0557334,0.918357,0.948927
D0540855,D0549280,D0556258,0.724014,0.968091
D0540855,D0549280,D0557334,0.724014,0.959224
D0540855,D0556258,D0557334,0.689712,0.948927
D0534579,D0549771,D0552170,0.572739,0.512138
D0534579,D0549771,D0554698,0.572739,0.510921
D0534579,D0552170,D0554698,0.942259,0.967713
D0549771,D0552170,D0554698,0.512138,0.967713
D0536726,D0542333,D0542834,0.931998,0.953735
D0536726,D0542333,D0543231,0.931998,0.88987
D0536726,D0542333,D0545882,0.931998,0.876295
D0536726,D0542834,D0543231,0.958608,0.847461
D0536726,D0542834,D0545882,0.958608,0.906198
D0536726,D0543231,D0545882,0.871375,0.86004
D0542333,D0542834,D0543231,0.953735,0.847461
D0542333,D0542834,D0545882,0.953735,0.906198
D0542333,D0543231,D0545882,0.88987,0.86004
D0542834,D0543231,D0545882,0.847461,0.86004
D0544903,D0547361,D0553669,0.955247,0.856012
D0544903,D0547361,D0554694,0.955247,0.600378
D0548272,D0548273,D0555716,0.967725,0.829211
D0548272,D0548273,D0558257,0.967725,0.936625
D0548272,D0548273,D0557735,0.967725,0.963741
D0548272,D0555716,D0558257,0.834131,0.877168
D0548272,D0557735,D0558257,0.936345,0.919996
D0548273,D0555716,D0558257,0.829211,0.877168
D0548273,D0557735,D0558257,0.963741,0.919996
D0537114,D0544907,D0556253,0.723956,0.845724
D0537114,D0544907,D0558262,0.723956,0.756428
D0535324,D0548278,D0552167,0.677379,0.665761
D0535324,D0548278,D0553184,0.677379,0.704561
D0535324,D0552167,D0553184,0.911183,0.973821
D0548278,D0552167,D0553184,0.665761,0.973821
D0537477,D0538338,D0547368,0.838879,0.810905
D0537477,D0538338,D0551286,0.838879,0.785392
D0537477,D0547368,D0551286,0.898729,0.988642
D0538338,D0547368,D0551286,0.810905,0.988642
D0540849,D0550277,D0552669,0.565042,0.787721
D0559893,D0569421,D0580485,0.808621,0.791828
D0559893,D0569421,D0580971,0.808621,0.828538
D0559893,D0580485,D0580971,0.823664,0.882726
D0569421,D0580485,D0580971,0.791828,0.882726
D0575330,D0579973,D0581976,0.887961,0.933783
D0560711,D0562377,D0582471,0.858317,0.754856
D0574417,D0574418,D0574419,0.985537,0.930706
D0574417,D0574418,D0574420,0.985537,0.891024
D0574417,D0574418,D0574421,0.985537,0.849444
D0574417,D0574418,D0574422,0.985537,0.947885
D0574417,D0574418,D0579481,0.985537,0.977173
D0574417,D0574418,D0579482,0.985537,0.99017
D0574417,D0574419,D0574420,0.940051,0.962868
D0574417,D0574419,D0574421,0.940051,0.959146
D0574417,D0574419,D0574422,0.940051,0.963308
D0574417,D0574419,D0579481,0.940051,0.965659
D0574417,D0574419,D0579482,0.940051,0.950011
D0574417,D0574420,D0574421,0.887641,0.966548
D0574417,D0574420,D0574422,0.887641,0.969038
D0574417,D0574420,D0579481,0.887641,0.915396
D0574417,D0574420,D0579482,0.887641,0.921291
D0574417,D0574421,D0574422,0.867248,0.921714
D0574417,D0574421,D0579481,0.867248,0.905826
D0574417,D0574421,D0579482,0.867248,0.881268
D0574417,D0574422,D0579481,0.931929,0.944693
D0574417,D0574422,D0579482,0.931929,0.963734
D0574417,D0579481,D0579482,0.985487,0.980778
D0574418,D0574419,D0574420,0.930706,0.962868
D0574418,D0574419,D0574421,0.930706,0.959146
D0574418,D0574419,D0574422,0.930706,0.963308
D0574418,D0574419,D0579481,0.930706,0.965659
D0574418,D0574419,D0579482,0.930706,0.950011
D0574418,D0574420,D0574421,0.891024,0.966548
D0574418,D0574420,D0574422,0.891024,0.969038
D0574418,D0574420,D0579481,0.891024,0.915396
D0574418,D0574420,D0579482,0.891024,0.921291
D0574418,D0574421,D0574422,0.849444,0.921714
D0574418,D0574421,D0579481,0.849444,0.905826
D0574418,D0574421,D0579482,0.849444,0.881268
D0574418,D0574422,D0579481,0.947885,0.944693
D0574418,D0574422,D0579482,0.947885,0.963734
D0574418,D0579481,D0579482,0.977173,0.980778
D0574419,D0574420,D0574421,0.962868,0.966548
D0574419,D0574420,D0574422,0.962868,0.969038
D0574419,D0574420,D0579481,0.962868,0.915396
D0574419,D0574420,D0579482,0.962868,0.921291
D0574419,D0574421,D0574422,0.959146,0.921714
D0574419,D0574421,D0579481,0.959146,0.905826
D0574419,D0574421,D0579482,0.959146,0.881268
D0574419,D0574422,D0579481,0.963308,0.944693
D0574419,D0574422,D0579482,0.963308,0.963734
D0574419,D0579481,D0579482,0.965659,0.980778
D0574420,D0574421,D0574422,0.966548,0.921714
D0574420,D0574421,D0579481,0.966548,0.905826
D0574420,D0574421,D0579482,0.966548,0.881268
D0574420,D0574422,D0579481,0.969038,0.944693
D0574420,D0574422,D0579482,0.969038,0.963734
D0574420,D0579481,D0579482,0.915396,0.980778
D0574421,D0574422,D0579481,0.921714,0.944693
D0574421,D0574422,D0579482,0.921714,0.963734
D0574421,D0579481,D0579482,0.905826,0.980778
D0574422,D0579481,D0579482,0.944693,0.980778
D0573180,D0581457,D0581975,0.96791,0.786268
D0585483,D0588190,D0596663,0.852334,0.981013
D0585483,D0588190,D0588633,0.852334,0.940739
D0591335,D0602073,D0602074,0.955098,0.919552
D0591335,D0602073,D0602518,0.955098,0.932039
D0591335,D0602073,D0604763,0.955098,0.940296
D0591335,D0602074,D0602518,0.901498,0.913826
D0591335,D0602074,D0604763,0.901498,0.951066
D0591335,D0602518,D0604763,0.982745,0.973145
D0602073,D0602074,D0602518,0.919552,0.913826
D0602073,D0602074,D0604763,0.919552,0.951066
D0602073,D0602518,D0604763,0.932039,0.973145
D0602074,D0602518,D0604763,0.913826,0.973145
D0587296,D0594055,D0598045,0.868095,0.870433
D0595345,D0595346,D0597131,0.970517,0.979496
D0586849,D0587748,D0591340,0.842317,0.739953
D0586849,D0587748,D0592241,0.842317,0.707875
D0586849,D0587748,D0595767,0.842317,0.893905
D0586849,D0591340,D0592241,0.943461,0.972759
D0586849,D0591340,D0595767,0.943461,0.690333
D0586849,D0592241,D0595767,0.93196,0.656452
D0587748,D0591340,D0592241,0.739953,0.972759
D0587748,D0591340,D0595767,0.739953,0.690333
D0587748,D0592241,D0595767,0.707875,0.656452
D0591340,D0592241,D0595767,0.972759,0.656452
D0591791,D0592241,D0595767,0.919552,0.656452
D0585090,D0586849,D0587748,0.923641,0.842317
D0585090,D0586849,D0591340,0.923641,0.943461
D0585090,D0586849,D0592241,0.923641,0.93196
D0585090,D0586849,D0595767,0.923641,0.81668
D0585090,D0586849,D0591792,0.923641,0.961338
D0608822,D0611530,D0616019,0.904561,0.871192
D0607502,D0607925,D0614234,0.835555,0.873882
D0611525,D0615122,D0615123,0.826318,0.924953
D0611525,D0615122,D0616924,0.826318,0.868948
D0611525,D0615122,D0616925,0.826318,0.927939
D0611525,D0615122,D0616926,0.826318,0.896905
D0611525,D0615123,D0616924,0.818872,0.892853
D0611525,D0615123,D0616925,0.818872,0.876902
D0611525,D0615123,D0616926,0.818872,0.883483
D0611525,D0616924,D0616925,0.898544,0.915381
D0611525,D0616924,D0616926,0.898544,0.955123
D0611525,D0616925,D0616926,0.844795,0.911967
D0611525,D0616490,D0618275,0.903946,0.921313
D0611525,D0616490,D0616923,0.903946,0.932226
D0615122,D0615123,D0616924,0.924953,0.892853
D0615122,D0615123,D0616925,0.924953,0.876902
D0615122,D0615123,D0616926,0.924953,0.883483
D0615122,D0616924,D0616925,0.868948,0.915381
D0615122,D0616924,D0616926,0.868948,0.955123
D0615122,D0616925,D0616926,0.927939,0.911967
D0615123,D0616924,D0616925,0.892853,0.915381
D0615123,D0616924,D0616926,0.892853,0.955123
D0615123,D0616925,D0616926,0.876902,0.911967
D0616924,D0616925,D0616926,0.915381,0.911967
D0614695,D0626589,D0629041,0.95054,0.669367
D0613331,D0626589,D0629041,0.92851,0.669367
D0612415,D0612417,D0613331,0.97259,0.919709
D0612415,D0613331,D0626589,0.925723,0.92851
D0612417,D0613331,D0626589,0.919709,0.92851
D0614687,D0615583,D0620519,0.953853,0.955309
D0614687,D0615583,D0617830,0.953853,0.8807
D0614687,D0615120,D0615583,0.966954,0.977243
D0615120,D0615583,D0620519,0.977243,0.955309
D0615120,D0615583,D0617830,0.977243,0.8807
D0644683,D0647558,D0648776,0.890724,0.710545
D0644683,D0647558,D0648777,0.890724,0.916363
D0644683,D0647558,D0648778,0.890724,0.911711
D0644683,D0647558,D0648779,0.890724,0.82164
D0644683,D0648776,D0648777,0.87982,0.840434
D0644683,D0648776,D0648778,0.87982,0.84806
D0644683,D0648776,D0648779,0.87982,0.901906
D0644683,D0648777,D0648778,0.945484,0.988032
D0644683,D0648777,D0648779,0.945484,0.908249
D0644683,D0648778,D0648779,0.94604,0.917898
D0647558,D0648776,D0648777,0.710545,0.840434
D0647558,D0648776,D0648778,0.710545,0.84806
D0647558,D0648776,D0648779,0.710545,0.901906
D0647558,D0648777,D0648778,0.916363,0.988032
D0647558,D0648777,D0648779,0.916363,0.908249
D0647558,D0648778,D0648779,0.911711,0.917898
D0648776,D0648777,D0648778,0.840434,0.988032
D0648776,D0648777,D0648779,0.840434,0.908249
D0648776,D0648778,D0648779,0.84806,0.917898
D0648777,D0648778,D0648779,0.988032,0.917898
D0631504,D0631505,D0639847,0.993214,0.839641
D0631504,D0631505,D0650834,0.993214,0.976549
D0631504,D0639847,D0650834,0.830537,0.856452
D0631504,D0639847,D0643058,0.830537,0.823689
D0631505,D0639847,D0650834,0.839641,0.856452
D0631505,D0639847,D0643058,0.839641,0.823689
D0640737,D0648783,D0650417,0.808195,0.889641
D0630243,D0630244,D0636435,0.977838,0.855899
D0630243,D0630244,D0636436,0.977838,0.669597
D0630243,D0630244,D0636813,0.977838,0.809018
D0630243,D0636435,D0636436,0.85175,0.74804
D0630243,D0636435,D0636813,0.85175,0.878172
D0630243,D0636436,D0636813,0.652962,0.88739
D0630244,D0636435,D0636436,0.855899,0.74804
D0630244,D0636435,D0636813,0.855899,0.878172
D0630244,D0636436,D0636813,0.669597,0.88739
D0636435,D0636436,D0636813,0.74804,0.88739
D0633557,D0639847,D0650834,0.690639,0.856452
D0633557,D0639847,D0643058,0.690639,0.823689
D0647952,D0647953,D0648375,0.924573,0.719974
D0631088,D0631089,D0631090,0.99101,0.994146
D0653702,D0655748,D0656181,0.860605,0.903992
D0667051,D0670327,D0671593,0.86977,0.956772
D0664192,D0667051,D0670327,0.760986,0.86977
D0665016,D0665840,D0667051,0.788881,0.66365
D0665016,D0667051,D0670327,0.851076,0.86977
D0665840,D0667051,D0670327,0.66365,0.86977
D0665014,D0665015,D0665016,0.965161,0.990066
D0665014,D0665015,D0667050,0.965161,0.893363
D0665014,D0665015,D0667489,0.965161,0.684016
D0665014,D0665016,D0665840,0.978045,0.788881
D0665014,D0665016,D0667051,0.978045,0.851076
D0665014,D0665016,D0667050,0.978045,0.896582
D0665015,D0665016,D0665840,0.990066,0.788881
D0665015,D0665016,D0667051,0.990066,0.851076
D0665015,D0665016,D0667050,0.990066,0.896582
D0665015,D0667489,D0667490,0.684016,0.975277
D0656184,D0656185,D0656540,0.940908,0.942054
D0656184,D0656185,D0666240,0.940908,0.917639
D0656184,D0656185,D0656186,0.940908,0.935712
D0656184,D0656540,D0666240,0.940382,0.910736
D0656184,D0656540,D0667492,0.940382,0.857221
D0656184,D0656540,D0667493,0.940382,0.90476
D0656184,D0656186,D0656540,0.938165,0.981371
D0656185,D0656540,D0666240,0.942054,0.910736
D0656185,D0656540,D0667492,0.942054,0.857221
D0656185,D0656540,D0667493,0.942054,0.90476
D0656185,D0656186,D0656540,0.935712,0.981371
D0656540,D0667492,D0667493,0.857221,0.863127
D0655332,D0656186,D0656540,0.743895,0.981371
D0655332,D0656540,D0666240,0.785404,0.910736
D0655332,D0656540,D0667492,0.785404,0.857221
D0655332,D0656540,D0667493,0.785404,0.90476
D0656186,D0656540,D0666240,0.981371,0.910736
D0656186,D0656540,D0667492,0.981371,0.857221
D0656186,D0656540,D0667493,0.981371,0.90476
D0652862,D0666665,D0668289,0.677253,0.712686
D0652862,D0655332,D0656186,0.492355,0.743895
D0652862,D0655332,D0656540,0.492355,0.785404
D0653703,D0653704,D0665012,0.993511,0.813768
D0659751,D0659752,D0661344,0.956208,0.834821
D0659751,D0659752,D0662542,0.956208,0.900025
D0659751,D0661344,D0662542,0.903611,0.878594
D0659752,D0661344,D0662542,0.834821,0.878594
D0661727,D0663765,D0669525,0.920714,0.944088
D0661727,D0663765,D0671164,0.920714,0.948446
D0661727,D0669525,D0671164,0.842066,0.960612
D0663765,D0669525,D0671164,0.944088,0.960612
D0652444,D0669525,D0671164,0.813292,0.960612
D0677722,D0678404,D0678405,0.873548,0.87773
D0677722,D0678404,D0678408,0.873548,0.917368
D0677722,D0678404,D0682929,0.873548,0.895478
D0677722,D0678404,D0682930,0.873548,0.892224
D0677722,D0678404,D0695823,0.873548,0.83168
D0677722,D0678405,D0678408,0.825698,0.865121
D0677722,D0678405,D0682929,0.825698,0.892021
D0677722,D0678405,D0682930,0.825698,0.915031
D0677722,D0678405,D0695823,0.825698,0.795175
D0677722,D0678408,D0682929,0.921305,0.926437
D0677722,D0678408,D0682930,0.921305,0.897619
D0677722,D0678408,D0695823,0.921305,0.877916
D0677722,D0682929,D0682930,0.897746,0.95069
D0677722,D0682929,D0695823,0.897746,0.915063
D0677722,D0682929,D0692052,0.897746,0.806461
D0677722,D0682929,D0682931,0.897746,0.966354
D0677722,D0682930,D0695823,0.857446,0.843577
D0678404,D0678405,D0678408,0.87773,0.865121
D0678404,D0678405,D0682929,0.87773,0.892021
D0678404,D0678405,D0682930,0.87773,0.915031
D0678404,D0678405,D0695823,0.87773,0.795175
D0678404,D0678408,D0682929,0.917368,0.926437
D0678404,D0678408,D0682930,0.917368,0.897619
D0678404,D0678408,D0695823,0.917368,0.877916
D0678404,D0682929,D0682930,0.895478,0.95069
D0678404,D0682929,D0695823,0.895478,0.915063
D0678404,D0682929,D0692052,0.895478,0.806461
D0678404,D0682929,D0682931,0.895478,0.966354
D0678404,D0682930,D0695823,0.892224,0.843577
D0678405,D0678408,D0682929,0.865121,0.926437
D0678405,D0678408,D0682930,0.865121,0.897619
D0678405,D0678408,D0695823,0.865121,0.877916
D0678405,D0682929,D0682930,0.892021,0.95069
D0678405,D0682929,D0695823,0.892021,0.915063
D0678405,D0682929,D0692052,0.892021,0.806461
D0678405,D0682929,D0682931,0.892021,0.966354
D0678405,D0682930,D0695823,0.915031,0.843577
D0678408,D0682929,D0682930,0.926437,0.95069
D0678408,D0682929,D0695823,0.926437,0.915063
D0678408,D0682929,D0692052,0.926437,0.806461
D0678408,D0682929,D0682931,0.926437,0.966354
D0678408,D0682930,D0695823,0.897619,0.843577
D0682929,D0682930,D0695823,0.95069,0.843577
D0679750,D0694815,D0694816,0.831486,0.97805
D0689130,D0689131,D0689132,0.989368,0.901041
D0689130,D0689131,D0689133,0.989368,0.98401
D0689130,D0689132,D0689133,0.910413,0.911983
D0689131,D0689132,D0689133,0.901041,0.911983
D0676481,D0679745,D0681717,0.844896,0.933084
D0676481,D0679745,D0689921,0.844896,0.732916
D0676481,D0681717,D0689921,0.834054,0.725691
D0679745,D0681717,D0689921,0.933084,0.725691
D0679319,D0686657,D0688740,0.824081,0.947777
D0679319,D0686657,D0694813,0.824081,0.870692
D0679319,D0686657,D0688739,0.824081,0.891081
D0679319,D0686657,D0694812,0.824081,0.872763
D0679319,D0686657,D0695337,0.824081,0.878689
D0679319,D0686657,D0690764,0.824081,0.918441
D0679319,D0688740,D0694813,0.875045,0.911162
D0679319,D0688740,D0690764,0.875045,0.952348
D0679319,D0688740,D0694812,0.875045,0.892061
D0679319,D0688740,D0695337,0.875045,0.921508
D0679319,D0694813,D0695337,0.88897,0.970828
D0679319,D0686655,D0686657,0.719911,0.900947
D0679319,D0686655,D0688739,0.719911,0.885715
D0679319,D0686655,D0694812,0.719911,0.85467
D0679319,D0686655,D0695337,0.719911,0.8681
D0679319,D0688739,D0694812,0.829655,0.928196
D0679319,D0688739,D0695337,0.829655,0.972792
D0679319,D0688739,D0690764,0.829655,0.937043
D0679319,D0694812,D0695337,0.83598,0.944328
D0679319,D0694812,D0694813,0.83598,0.952815
D0686657,D0688740,D0694813,0.947777,0.911162
D0686657,D0688740,D0690764,0.947777,0.952348
D0686657,D0688740,D0694812,0.947777,0.892061
D0686657,D0688740,D0695337,0.947777,0.921508
D0686657,D0694813,D0695337,0.870692,0.970828
D0686657,D0688739,D0694812,0.891081,0.928196
D0686657,D0688739,D0695337,0.891081,0.972792
D0686657,D0688739,D0690764,0.891081,0.937043
D0686657,D0694812,D0695337,0.872763,0.944328
D0686657,D0694812,D0694813,0.872763,0.952815
D0686657,D0690764,D0694812,0.918441,0.926396
D0686657,D0690764,D0694813,0.918441,0.943231
D0686657,D0690764,D0695337,0.918441,0.938461
D0688740,D0694813,D0695337,0.911162,0.970828
D0688740,D0690764,D0694812,0.952348,0.926396
D0688740,D0690764,D0694813,0.952348,0.943231
D0688740,D0690764,D0695337,0.952348,0.938461
D0688740,D0694812,D0695337,0.892061,0.944328
D0688740,D0694812,D0694813,0.892061,0.952815
D0678396,D0679319,D0686657,0.963935,0.824081
D0678396,D0679319,D0688740,0.963935,0.875045
D0678396,D0679319,D0694813,0.963935,0.88897
D0678396,D0679319,D0686655,0.963935,0.719911
D0678396,D0679319,D0688739,0.963935,0.829655
D0678396,D0679319,D0694812,0.963935,0.83598
D0678396,D0679319,D0695337,0.963935,0.850688
D0678396,D0686655,D0686657,0.692228,0.900947
D0678396,D0686655,D0688739,0.692228,0.885715
D0678396,D0686655,D0694812,0.692228,0.85467
D0678396,D0686655,D0695337,0.692228,0.8681
D0678396,D0686657,D0688740,0.818398,0.947777
D0678396,D0686657,D0694813,0.818398,0.870692
D0678396,D0686657,D0688739,0.818398,0.891081
D0678396,D0686657,D0694812,0.818398,0.872763
D0678396,D0686657,D0695337,0.818398,0.878689
D0678396,D0686657,D0690764,0.818398,0.918441
D0678396,D0688739,D0694812,0.793415,0.928196
D0678396,D0688739,D0695337,0.793415,0.972792
D0678396,D0688739,D0690764,0.793415,0.937043
D0678396,D0694812,D0695337,0.807303,0.944328
D0678396,D0694812,D0694813,0.807303,0.952815
D0678396,D0688740,D0694813,0.853134,0.911162
D0678396,D0688740,D0690764,0.853134,0.952348
D0678396,D0688740,D0694812,0.853134,0.892061
D0678396,D0688740,D0695337,0.853134,0.921508
D0678396,D0690764,D0694812,0.88709,0.926396
D0678396,D0690764,D0694813,0.88709,0.943231
D0678396,D0690764,D0695337,0.88709,0.938461
D0678396,D0694813,D0695337,0.86277,0.970828
D0686655,D0686657,D0688740,0.900947,0.947777
D0686655,D0686657,D0694813,0.900947,0.870692
D0686655,D0686657,D0688739,0.900947,0.891081
D0686655,D0686657,D0694812,0.900947,0.872763
D0686655,D0686657,D0695337,0.900947,0.878689
D0686655,D0686657,D0690764,0.900947,0.918441
D0686655,D0688739,D0694812,0.885715,0.928196
D0686655,D0688739,D0695337,0.885715,0.972792
D0686655,D0688739,D0690764,0.885715,0.937043
D0686655,D0694812,D0695337,0.85467,0.944328
D0686655,D0694812,D0694813,0.85467,0.952815
D0688739,D0694812,D0695337,0.928196,0.944328
D0688739,D0694812,D0694813,0.928196,0.952815
D0688739,D0690764,D0694812,0.937043,0.926396
D0688739,D0690764,D0694813,0.937043,0.943231
D0688739,D0690764,D0695337,0.937043,0.938461
D0694812,D0694813,D0695337,0.952815,0.970828
D0686654,D0687484,D0689126,0.953511,0.943004
D0686654,D0687484,D0690349,0.953511,0.873961
D0686654,D0689126,D0690349,0.957051,0.909507
D0687484,D0689126,D0690349,0.943004,0.909507
D0677717,D0678396,D0679319,0.767062,0.963935
D0677717,D0678396,D0686655,0.767062,0.692228
D0677717,D0678396,D0686657,0.767062,0.818398
D0677717,D0678396,D0688739,0.767062,0.793415
D0677717,D0678396,D0694812,0.767062,0.807303
D0677717,D0678396,D0695337,0.767062,0.818794
D0677717,D0678396,D0688740,0.767062,0.853134
D0677717,D0678396,D0690764,0.767062,0.88709
D0677717,D0678396,D0694813,0.767062,0.86277
D0677717,D0688740,D0694813,0.954343,0.911162
D0677717,D0688740,D0690764,0.954343,0.952348
D0677717,D0688740,D0694812,0.954343,0.892061
D0677717,D0688740,D0695337,0.954343,0.921508
D0677717,D0690764,D0694812,0.897288,0.926396
D0677717,D0690764,D0694813,0.897288,0.943231
D0677717,D0690764,D0695337,0.897288,0.938461
D0677717,D0694812,D0695337,0.842038,0.944328
D0677717,D0694812,D0694813,0.842038,0.952815
D0677717,D0694813,D0695337,0.837695,0.970828
D0677717,D0686657,D0688740,0.94816,0.947777
D0677717,D0686657,D0694813,0.94816,0.870692
D0677717,D0686657,D0688739,0.94816,0.891081
D0677717,D0686657,D0694812,0.94816,0.872763
D0677717,D0686657,D0695337,0.94816,0.878689
D0677717,D0686657,D0690764,0.94816,0.918441
D0690764,D0694812,D0695337,0.926396,0.944328
D0690764,D0694812,D0694813,0.926396,0.952815
D0690764,D0694813,D0695337,0.943231,0.970828
D0674005,D0674007,D0693400,0.857943,0.863208
D0674005,D0674007,D0695338,0.857943,0.954502
D0674005,D0674007,D0695820,0.857943,0.812976
D0674005,D0693400,D0695338,0.764034,0.805978
D0674005,D0693400,D0695820,0.764034,0.976689
D0674005,D0695338,D0695820,0.902917,0.746165
D0674007,D0693400,D0695338,0.863208,0.805978
D0674007,D0693400,D0695820,0.863208,0.976689
D0674007,D0695338,D0695820,0.954502,0.746165
D0693400,D0695338,D0695820,0.805978,0.746165
D0676900,D0677714,D0679745,0.819179,0.829068
D0676900,D0677714,D0681717,0.819179,0.873563
D0676900,D0677714,D0689921,0.819179,0.819823
D0676900,D0677714,D0686273,0.819179,0.70615
D0676900,D0679745,D0681717,0.823627,0.933084
D0676900,D0679745,D0689921,0.823627,0.732916
D0676900,D0681717,D0689921,0.815303,0.725691
D0677714,D0679745,D0681717,0.829068,0.933084
D0677714,D0679745,D0689921,0.829068,0.732916
D0677714,D0681717,D0689921,0.873563,0.725691
D0681107,D0694316,D0694318,0.727417,0.984277
D0681107,D0681726,D0689543,0.741974,0.979317
D0681107,D0689543,D0694316,0.718568,0.986572
D0681107,D0689543,D0694318,0.718568,0.982998
D0676081,D0678937,D0687485,0.75899,0.611506
D0676081,D0678937,D0689541,0.75899,0.787261
D0676081,D0678937,D0692476,0.75899,0.895095
D0676081,D0678937,D0693872,0.75899,0.879953
D0676081,D0687485,D0689541,0.885721,0.874559
D0676081,D0687485,D0692476,0.885721,0.786341
D0676081,D0689541,D0692476,0.9093,0.949974
D0678937,D0687485,D0689541,0.611506,0.874559
D0678937,D0687485,D0692476,0.611506,0.786341
D0678937,D0689541,D0692476,0.787261,0.949974
D0687485,D0689541,D0692476,0.874559,0.949974
D0692944,D0692945,D0693399,0.971721,0.924959
D0677721,D0681728,D0682929,0.882348,0.918959
D0677721,D0681728,D0692052,0.882348,0.913828
D0677721,D0682929,D0682930,0.844358,0.95069
D0677721,D0682929,D0695823,0.844358,0.915063
D0677721,D0682929,D0692052,0.844358,0.806461
D0677721,D0682929,D0682931,0.844358,0.966354
D0681728,D0682929,D0682930,0.918959,0.95069
D0681728,D0682929,D0695823,0.918959,0.915063
D0681728,D0682929,D0692052,0.918959,0.806461
D0681728,D0682929,D0682931,0.918959,0.966354
D0679320,D0694813,D0695337,0.961869,0.970828
D0679748,D0694812,D0695337,0.925275,0.944328
D0679748,D0694812,D0694813,0.925275,0.952815
D0673603,D0689543,D0694316,0.977056,0.986572
D0673603,D0689543,D0694318,0.977056,0.982998
D0673603,D0694316,D0694318,0.98676,0.984277
D0689543,D0694316,D0694318,0.986572,0.984277
D0685415,D0694317,D0694319,0.807153,0.915492
D0680161,D0680162,D0681108,0.95667,0.95093
D0680161,D0680162,D0680163,0.95667,0.974731
D0680161,D0680162,D0681107,0.95667,0.892893
D0680161,D0680162,D0681726,0.95667,0.918132
D0680161,D0680162,D0689543,0.95667,0.913664
D0680161,D0680162,D0680581,0.95667,0.822271
D0680161,D0680162,D0681721,0.95667,0.950534
D0680161,D0680162,D0686659,0.95667,0.949977
D0680162,D0680163,D0681107,0.974731,0.91559
D0680162,D0680163,D0681726,0.974731,0.902312
D0680162,D0680163,D0689543,0.974731,0.885068
D0680162,D0680163,D0681108,0.974731,0.963853
D0680162,D0680163,D0686659,0.974731,0.956825
D0680162,D0681107,D0685411,0.892893,0.910843
D0680162,D0681107,D0694316,0.892893,0.727417
D0680162,D0681107,D0681726,0.892893,0.741974
D0680162,D0681107,D0689543,0.892893,0.718568
D0680162,D0681726,D0689543,0.918132,0.979317
D0680162,D0689543,D0694316,0.913664,0.986572
D0680162,D0689543,D0694318,0.913664,0.982998
D0680162,D0680581,D0681721,0.822271,0.823097
D0680162,D0680581,D0695339,0.822271,0.817332
D0678403,D0680162,D0681108,0.910178,0.95093
D0678403,D0680162,D0680163,0.910178,0.974731
D0678403,D0680162,D0681107,0.910178,0.892893
D0678403,D0680162,D0681726,0.910178,0.918132
D0678403,D0680162,D0689543,0.910178,0.913664
D0678403,D0680162,D0680581,0.910178,0.822271
D0678403,D0680162,D0681721,0.910178,0.950534
D0678403,D0680162,D0686659,0.910178,0.949977
D0678403,D0680163,D0681107,0.885703,0.91559
D0678403,D0680163,D0681726,0.885703,0.902312
D0678403,D0680163,D0689543,0.885703,0.885068
D0678403,D0680163,D0681108,0.885703,0.963853
D0678403,D0680163,D0686659,0.885703,0.956825
D0678403,D0681107,D0685411,0.72208,0.910843
D0678403,D0681107,D0694316,0.72208,0.727417
D0678403,D0681107,D0681726,0.72208,0.741974
D0678403,D0681107,D0689543,0.72208,0.718568
D0678403,D0681726,D0689543,0.972257,0.979317
D0678403,D0689543,D0694316,0.983473,0.986572
D0678403,D0689543,D0694318,0.983473,0.982998
D0680163,D0681107,D0685411,0.91559,0.910843
D0680163,D0681107,D0694316,0.91559,0.727417
D0680163,D0681107,D0681726,0.91559,0.741974
D0680163,D0681107,D0689543,0.91559,0.718568
D0680163,D0681726,D0689543,0.902312,0.979317
D0680163,D0689543,D0694316,0.885068,0.986572
D0680163,D0689543,D0694318,0.885068,0.982998
D0681726,D0689543,D0694316,0.979317,0.986572
D0681726,D0689543,D0694318,0.979317,0.982998
D0675674,D0675675,D0682348,0.789144,0.757504
D0678402,D0681720,D0686658,0.971598,0.942002
D0675673,D0678403,D0680162,0.909624,0.910178
D0675673,D0678403,D0680163,0.909624,0.885703
D0675673,D0678403,D0681107,0.909624,0.72208
D0675673,D0678403,D0681726,0.909624,0.972257
D0675673,D0678403,D0689543,0.909624,0.983473
D0675673,D0678403,D0694318,0.909624,0.991682
D0675673,D0678402,D0681720,0.966271,0.971598
D0685414,D0692477,D0695339,0.946639,0.847348
D0685414,D0687089,D0695339,0.923562,0.973547
D0677720,D0681719,D0685415,0.85943,0.851278
D0677720,D0685415,D0694317,0.916115,0.807153
D0677720,D0685415,D0694319,0.916115,0.672575
D0681719,D0685415,D0694317,0.851278,0.807153
D0681719,D0685415,D0694319,0.851278,0.672575
D0698388,D0698857,D0698858,0.974873,0.989301
D0716370,D0716372,D0719999,0.871868,0.83438
D0705346,D0706337,D0711460,0.973751,0.67603
D0705346,D0706337,D0716370,0.973751,0.853032
D0705346,D0706337,D0716372,0.973751,0.830209
D0705346,D0706337,D0716371,0.973751,0.757267
D0705346,D0711460,D0716370,0.671438,0.833722
D0705346,D0711460,D0716372,0.671438,0.80303
D0705346,D0711460,D0713447,0.671438,0.91141
D0705346,D0711460,D0720000,0.671438,0.891905
D0705346,D0716370,D0716371,0.827127,0.890204
D0705346,D0716370,D0716372,0.827127,0.871868
D0705346,D0716372,D0719999,0.837486,0.83438
D0706337,D0711460,D0716370,0.67603,0.833722
D0706337,D0711460,D0716372,0.67603,0.80303
D0706337,D0711460,D0713447,0.67603,0.91141
D0706337,D0711460,D0720000,0.67603,0.891905
D0706337,D0716370,D0716371,0.853032,0.890204
D0706337,D0716370,D0716372,0.853032,0.871868
D0706337,D0716372,D0719999,0.830209,0.83438
D0711460,D0716370,D0716371,0.833722,0.890204
D0711460,D0716370,D0716372,0.833722,0.871868
D0711460,D0716372,D0719999,0.80303,0.83438
D0711460,D0713447,D0720000,0.91141,0.965297
D0697966,D0697967,D0698389,0.989686,0.964223
D0697966,D0697967,D0702760,0.989686,0.974689
D0697966,D0697967,D0718383,0.989686,0.937117
D0697966,D0698389,D0702760,0.979424,0.96512
D0697966,D0698389,D0718383,0.979424,0.943747
D0697966,D0702760,D0718383,0.973627,0.964683
D0697967,D0698389,D0702760,0.964223,0.96512
D0697967,D0698389,D0718383,0.964223,0.943747
D0697967,D0702760,D0718383,0.974689,0.964683
D0698389,D0702760,D0718383,0.96512,0.964683
D0697131,D0714863,D0715355,0.689109,0.915656
D0707749,D0707750,D0708254,0.920561,0.916549
D0705347,D0705853,D0705855,0.935264,0.906695
D0705347,D0705853,D0705856,0.935264,0.913223
D0705347,D0705855,D0705856,0.903802,0.840833
D0705853,D0705855,D0705856,0.906695,0.840833
D0701898,D0703264,D0706341,0.612274,0.71676
D0701561,D0703264,D0706341,0.736822,0.71676
D0707288,D0713447,D0720000,0.909958,0.965297
D0700650,D0701898,D0706341,0.803892,0.86646
D0700650,D0701898,D0703264,0.803892,0.612274
D0700650,D0703264,D0706341,0.762596,0.71676
D0697549,D0707751,D0707752,0.977648,0.982295
D0697964,D0697965,D0699784,0.923258,0.916565
D0697964,D0697965,D0701563,0.923258,0.859215
D0711462,D0712459,D0718382,0.845636,0.438879
D0735266,D0738428,D0738430,0.930108,0.710926
D0733217,D0734814,D0740359,0.850419,0.828832
D0724141,D0725184,D0734814,0.982137,0.836765
D0724141,D0725184,D0740359,0.982137,0.982639
D0724141,D0725184,D0726249,0.982137,0.935684
D0724141,D0725184,D0727413,0.982137,0.81998
D0724141,D0725184,D0727414,0.982137,0.875011
D0724141,D0725184,D0727415,0.982137,0.886184
D0724141,D0725184,D0741945,0.982137,0.924074
D0724141,D0734814,D0740359,0.863028,0.828832
D0725184,D0734814,D0740359,0.836765,0.828832
D0725184,D0726249,D0727413,0.935684,0.939183
D0725184,D0726249,D0727414,0.935684,0.965459
D0725184,D0726249,D0727415,0.935684,0.964699
D0725184,D0726249,D0741945,0.935684,0.971195
D0725184,D0726249,D0726250,0.935684,0.976998
D0725184,D0726249,D0726251,0.935684,0.973604
D0725184,D0726249,D0742960,0.935684,0.959838
D0725184,D0727413,D0727414,0.81998,0.977985
D0725184,D0727413,D0727415,0.81998,0.969543
D0725184,D0727413,D0741945,0.81998,0.928518
D0725184,D0727414,D0727415,0.875011,0.978316
D0725184,D0727414,D0741945,0.875011,0.959529
D0725184,D0727415,D0741945,0.886184,0.966628
D0725184,D0727415,D0727416,0.886184,0.887676
D0722108,D0734814,D0740359,0.88071,0.828832
D0722339,D0725184,D0734814,0.969859,0.836765
D0722339,D0725184,D0740359,0.969859,0.982639
D0722339,D0725184,D0726249,0.969859,0.935684
D0722339,D0725184,D0727413,0.969859,0.81998
D0722339,D0725184,D0727414,0.969859,0.875011
D0722339,D0725184,D0727415,0.969859,0.886184
D0722339,D0725184,D0741945,0.969859,0.924074
D0722339,D0726249,D0727413,0.925788,0.939183
D0722339,D0726249,D0727414,0.925788,0.965459
D0722339,D0726249,D0727415,0.925788,0.964699
D0722339,D0726249,D0741945,0.925788,0.971195
D0722339,D0726249,D0726250,0.925788,0.976998
D0722339,D0726249,D0726251,0.925788,0.973604
D0722339,D0726249,D0742960,0.925788,0.959838
D0722339,D0727413,D0727414,0.828335,0.977985
D0722339,D0727413,D0727415,0.828335,0.969543
D0722339,D0727413,D0741945,0.828335,0.928518
D0722339,D0727414,D0727415,0.876091,0.978316
D0722339,D0727414,D0741945,0.876091,0.959529
D0722339,D0727415,D0741945,0.88486,0.966628
D0722339,D0727415,D0727416,0.88486,0.887676
D0726249,D0727413,D0727414,0.939183,0.977985
D0726249,D0727413,D0727415,0.939183,0.969543
D0726249,D0727413,D0741945,0.939183,0.928518
D0726249,D0727414,D0727415,0.965459,0.978316
D0726249,D0727414,D0741945,0.965459,0.959529
D0726249,D0727415,D0741945,0.964699,0.966628
D0726249,D0727415,D0727416,0.964699,0.887676
D0726249,D0726250,D0726251,0.976998,0.984715
D0726249,D0726250,D0742960,0.976998,0.976184
D0726249,D0726251,D0742960,0.973604,0.960816
D0727413,D0727414,D0727415,0.977985,0.978316
D0727413,D0727414,D0741945,0.977985,0.959529
D0727413,D0727415,D0741945,0.969543,0.966628
D0727413,D0727415,D0727416,0.969543,0.887676
D0727414,D0727415,D0741945,0.978316,0.966628
D0727414,D0727415,D0727416,0.978316,0.887676
D0727409,D0727410,D0727417,0.984455,0.947634
D0727409,D0727410,D0742450,0.984455,0.738902
D0727409,D0727417,D0742450,0.965769,0.84307
D0727410,D0727417,D0742450,0.947634,0.84307
D0724140,D0727415,D0741945,0.915453,0.966628
D0724140,D0727415,D0727416,0.915453,0.887676
D0732108,D0737895,D0744028,0.890798,0.807015
D0730437,D0732108,D0740358,0.833328,0.969698
D0730437,D0732108,D0737895,0.833328,0.890798
D0730437,D0737895,D0744028,0.974168,0.807015
D0724142,D0726251,D0742960,0.988308,0.960816
D0724142,D0726249,D0727413,0.975441,0.939183
D0724142,D0726249,D0727414,0.975441,0.965459
D0724142,D0726249,D0727415,0.975441,0.964699
D0724142,D0726249,D0741945,0.975441,0.971195
D0724142,D0726249,D0726250,0.975441,0.976998
D0724142,D0726249,D0726251,0.975441,0.973604
D0724142,D0726249,D0742960,0.975441,0.959838
D0724142,D0726250,D0726251,0.992301,0.984715
D0724142,D0726250,D0742960,0.992301,0.976184
D0725180,D0725181,D0728675,0.975049,0.875008
D0726250,D0726251,D0742960,0.984715,0.960816
D0723615,D0724141,D0725184,0.973309,0.982137
D0723615,D0724141,D0734814,0.973309,0.863028
D0723615,D0724141,D0740359,0.973309,0.97264
D0720803,D0730437,D0732108,0.966526,0.833328
D0720803,D0730437,D0737895,0.966526,0.974168
D0720803,D0730437,D0744028,0.966526,0.770183
D0720803,D0737895,D0744028,0.936622,0.807015
D0722109,D0730437,D0732108,0.878716,0.833328
D0722109,D0730437,D0737895,0.878716,0.974168
D0722109,D0730437,D0744028,0.878716,0.770183
D0722109,D0737895,D0744028,0.919403,0.807015
D0745087,D0745600,D0745601,0.984939,0.984751
D0759748,D0762258,D0762766,0.918424,0.880967
D0759748,D0762258,D0771180,0.918424,0.9164
D0759748,D0762258,D0773554,0.918424,0.866032
D0759748,D0762258,D0763346,0.918424,0.883606
D0759748,D0762766,D0768766,0.886814,0.905872
D0759748,D0762766,D0768767,0.886814,0.898813
D0759748,D0762766,D0763956,0.886814,0.715719
D0759748,D0762766,D0765767,0.886814,0.87188
D0759748,D0762766,D0771181,0.886814,0.814765
D0759748,D0768766,D0768767,0.817382,0.992705
D0759748,D0763346,D0771180,0.892089,0.802082
D0759748,D0763346,D0773554,0.892089,0.831671
D0759748,D0763346,D0772335,0.892089,0.826607
D0759748,D0771180,D0773554,0.890664,0.785537
D0759748,D0771180,D0772335,0.890664,0.81756
D0759748,D0761350,D0761899,0.761166,0.623084
D0759748,D0761350,D0772335,0.761166,0.872539
D0762258,D0762766,D0768766,0.880967,0.905872
D0762258,D0762766,D0768767,0.880967,0.898813
D0762258,D0762766,D0763956,0.880967,0.715719
D0762258,D0762766,D0765767,0.880967,0.87188
D0762258,D0762766,D0771181,0.880967,0.814765
D0762258,D0771180,D0773554,0.9164,0.785537
D0762258,D0771180,D0772335,0.9164,0.81756
D0762258,D0763346,D0771180,0.883606,0.802082
D0762258,D0763346,D0773554,0.883606,0.831671
D0762258,D0763346,D0772335,0.883606,0.826607
D0762766,D0768766,D0768767,0.905872,0.992705
D0762766,D0763956,D0765767,0.715719,0.602516
D0762766,D0763956,D0764574,0.715719,0.960945
D0763346,D0771180,D0773554,0.802082,0.785537
D0763346,D0771180,D0772335,0.802082,0.81756
D0750164,D0765772,D0769965,0.962084,0.965135
D0750164,D0765772,D0771183,0.962084,0.965458
D0750164,D0765772,D0772977,0.962084,0.97477
D0755889,D0763958,D0765772,0.958331,0.909043
D0755889,D0763958,D0769965,0.958331,0.915737
D0755889,D0763958,D0771183,0.958331,0.897212
D0755889,D0763958,D0772977,0.958331,0.917196
D0755889,D0765772,D0769965,0.849413,0.965135
D0755889,D0765772,D0771183,0.849413,0.965458
D0755889,D0765772,D0772977,0.849413,0.97477
D0755889,D0769965,D0771183,0.862366,0.947439
D0755889,D0769965,D0772977,0.862366,0.956768
D0755889,D0771183,D0772977,0.809002,0.9842
D0763958,D0765772,D0769965,0.909043,0.965135
D0763958,D0765772,D0771183,0.909043,0.965458
D0763958,D0765772,D0772977,0.909043,0.97477
D0763958,D0769965,D0771183,0.915737,0.947439
D0763958,D0769965,D0772977,0.915737,0.956768
D0763958,D0771183,D0772977,0.897212,0.9842
D0765772,D0769965,D0771183,0.965135,0.947439
D0765772,D0769965,D0772977,0.965135,0.956768
D0765772,D0771183,D0772977,0.965458,0.9842
D0769965,D0771183,D0772977,0.947439,0.9842
D0755286,D0758486,D0767676,0.940223,0.873729
D0755286,D0758486,D0769968,0.940223,0.824646
D0755286,D0758486,D0769965,0.940223,0.826823
D0755286,D0767676,D0769968,0.959902,0.9777
D0758486,D0767676,D0769968,0.873729,0.9777
D0758486,D0769965,D0771183,0.826823,0.947439
D0758486,D0769965,D0772977,0.826823,0.956768
D0750165,D0757170,D0763957,0.783992,0.824788
D0750165,D0763957,D0771182,0.762674,0.810168
D0750165,D0763957,D0775275,0.762674,0.572962
D0757170,D0763957,D0771182,0.824788,0.810168
D0757170,D0763957,D0775275,0.824788,0.572962
D0763957,D0771182,D0775275,0.810168,0.748495
D0749169,D0749172,D0750164,0.989707,0.975576
D0749169,D0750164,D0772977,0.96819,0.985076
D0749169,D0750164,D0765772,0.96819,0.962084
D0749172,D0750164,D0772977,0.975576,0.985076
D0749172,D0750164,D0765772,0.975576,0.962084
D0755284,D0758486,D0767676,0.966515,0.873729
D0755284,D0758486,D0769968,0.966515,0.824646
D0755284,D0758486,D0769965,0.966515,0.826823
D0755284,D0769965,D0771183,0.748214,0.947439
D0755284,D0769965,D0772977,0.748214,0.956768
D0751635,D0754787,D0757165,0.732565,0.845607
D0751635,D0754787,D0754788,0.732565,0.83301
D0751635,D0754787,D0757164,0.732565,0.871795
D0751635,D0757164,D0757165,0.599793,0.967674
D0751635,D0760835,D0766359,0.793179,0.783753
D0751635,D0766359,D0768768,0.524013,0.97432
D0751635,D0766359,D0775275,0.524013,0.955165
D0751635,D0766359,D0766360,0.524013,0.990301
D0751635,D0766359,D0767671,0.524013,0.679507
D0754787,D0757164,D0757165,0.871795,0.967674
D0751636,D0765166,D0775275,0.709145,0.975294
D0751636,D0765166,D0766359,0.709145,0.970678
D0751636,D0765166,D0768768,0.709145,0.948007
D0751636,D0765166,D0771182,0.709145,0.757312
D0751636,D0757848,D0758481,0.726288,0.853015
D0751636,D0757848,D0765773,0.726288,0.759673
D0751636,D0757848,D0767671,0.726288,0.689833
D0751636,D0757848,D0768768,0.726288,0.914961
D0751636,D0757848,D0771182,0.726288,0.735414
D0751636,D0757848,D0775275,0.726288,0.948478
D0751636,D0758481,D0765773,0.611724,0.750775
D0751636,D0758481,D0767671,0.611724,0.698201
D0751636,D0758481,D0768768,0.611724,0.881422
D0751636,D0758481,D0771182,0.611724,0.682705
D0751636,D0758481,D0775275,0.611724,0.876336
D0751636,D0758481,D0760834,0.611724,0.803479
D0751636,D0758481,D0769368,0.611724,0.755023
D0751636,D0765773,D0767671,0.877166,0.885942
D0751636,D0765773,D0768768,0.877166,0.740486
D0751636,D0765773,D0771182,0.877166,0.900818
D0751636,D0765773,D0775275,0.877166,0.779734
D0751636,D0767671,D0768768,0.843501,0.693289
D0751636,D0767671,D0771182,0.843501,0.901498
D0751636,D0767671,D0775275,0.843501,0.717904
D0751636,D0768768,D0775275,0.612049,0.941742
D0751636,D0768768,D0771182,0.612049,0.691917
D0751636,D0771182,D0775275,0.903811,0.748495
D0765166,D0766359,D0768768,0.970678,0.97432
D0765166,D0766359,D0775275,0.970678,0.955165
D0765166,D0766359,D0766360,0.970678,0.990301
D0765166,D0766359,D0767671,0.970678,0.679507
D0765166,D0768768,D0775275,0.948007,0.941742
D0765166,D0768768,D0771182,0.948007,0.691917
D0765166,D0771182,D0775275,0.757312,0.748495
D0750162,D0765166,D0775275,0.935505,0.975294
D0750162,D0765166,D0766359,0.935505,0.970678
D0750162,D0765166,D0768768,0.935505,0.948007
D0750162,D0765166,D0771182,0.935505,0.757312
D0750162,D0753217,D0761902,0.957855,0.946325
D0750162,D0752137,D0758481,0.631301,0.645989
D0750162,D0758481,D0765773,0.896723,0.750775
D0750162,D0758481,D0767671,0.896723,0.698201
D0750162,D0758481,D0768768,0.896723,0.881422
D0750162,D0758481,D0771182,0.896723,0.682705
D0750162,D0758481,D0775275,0.896723,0.876336
D0750162,D0758481,D0760834,0.896723,0.803479
D0750162,D0758481,D0769368,0.896723,0.755023
D0766359,D0768768,D0775275,0.97432,0.941742
D0766359,D0768768,D0771182,0.97432,0.691917
D0766359,D0766360,D0767671,0.990301,0.683197
D0766359,D0767671,D0768768,0.679507,0.693289
D0766359,D0767671,D0771182,0.679507,0.901498
D0766359,D0767671,D0775275,0.679507,0.717904
D0768768,D0771182,D0775275,0.691917,0.748495
D0761353,D0761906,D0762770,0.867168,0.906374
D0761353,D0761906,D0771184,0.867168,0.501149
D0761353,D0762770,D0771184,0.889801,0.582845
D0761353,D0762260,D0762261,0.916371,0.851828
D0761353,D0762260,D0767672,0.916371,0.807847
D0761353,D0762260,D0767673,0.916371,0.807927
D0761353,D0762260,D0767674,0.916371,0.763362
D0761353,D0762261,D0767672,0.907631,0.879711
D0761353,D0762261,D0767673,0.907631,0.881246
D0761353,D0762261,D0767674,0.907631,0.837653
D0761353,D0767672,D0767673,0.863636,0.962991
D0761353,D0767672,D0767674,0.863636,0.976714
D0761353,D0767673,D0767674,0.852344,0.951762
D0761906,D0762770,D0771184,0.906374,0.582845
D0746902,D0761899,D0772335,0.678868,0.778721
D0746902,D0761350,D0761899,0.882326,0.623084
D0746902,D0761350,D0772335,0.882326,0.872539
D0752135,D0769965,D0771183,0.975416,0.947439
D0752135,D0769965,D0772977,0.975416,0.956768
D0759154,D0761353,D0761906,0.850372,0.867168
D0759154,D0761353,D0762770,0.850372,0.889801
D0759154,D0761353,D0771184,0.850372,0.579288
D0759154,D0761353,D0762260,0.850372,0.916371
D0759154,D0761353,D0762261,0.850372,0.907631
D0759154,D0761353,D0767672,0.850372,0.863636
D0759154,D0761353,D0767673,0.850372,0.852344
D0759154,D0761353,D0767674,0.850372,0.818055
D0759154,D0762260,D0762261,0.81512,0.851828
D0759154,D0762260,D0767672,0.81512,0.807847
D0759154,D0762260,D0767673,0.81512,0.807927
D0759154,D0762260,D0767674,0.81512,0.763362
D0759154,D0762261,D0767672,0.849747,0.879711
D0759154,D0762261,D0767673,0.849747,0.881246
D0759154,D0762261,D0767674,0.849747,0.837653
D0759154,D0767672,D0767673,0.930679,0.962991
D0759154,D0767672,D0767674,0.930679,0.976714
D0759154,D0767673,D0767674,0.906618,0.951762
D0759154,D0759155,D0759156,0.983655,0.967917
D0759154,D0759155,D0759157,0.983655,0.975771
D0759154,D0759156,D0759157,0.96519,0.974616
D0762260,D0762261,D0767672,0.851828,0.879711
D0762260,D0762261,D0767673,0.851828,0.881246
D0762260,D0762261,D0767674,0.851828,0.837653
D0762260,D0767672,D0767673,0.807847,0.962991
D0762260,D0767672,D0767674,0.807847,0.976714
D0762260,D0767673,D0767674,0.807927,0.951762
D0762261,D0767672,D0767673,0.879711,0.962991
D0762261,D0767672,D0767674,0.879711,0.976714
D0762261,D0767673,D0767674,0.881246,0.951762
D0767672,D0767673,D0767674,0.962991,0.951762
D0757848,D0758481,D0765773,0.853015,0.750775
D0757848,D0758481,D0767671,0.853015,0.698201
D0757848,D0758481,D0768768,0.853015,0.881422
D0757848,D0758481,D0771182,0.853015,0.682705
D0757848,D0758481,D0775275,0.853015,0.876336
D0757848,D0758481,D0760834,0.853015,0.803479
D0757848,D0758481,D0769368,0.853015,0.755023
D0757848,D0765773,D0767671,0.759673,0.885942
D0757848,D0765773,D0768768,0.759673,0.740486
D0757848,D0765773,D0771182,0.759673,0.900818
D0757848,D0765773,D0775275,0.759673,0.779734
D0757848,D0767671,D0768768,0.689833,0.693289
D0757848,D0767671,D0771182,0.689833,0.901498
D0757848,D0767671,D0775275,0.689833,0.717904
D0757848,D0768768,D0775275,0.914961,0.941742
D0757848,D0768768,D0771182,0.914961,0.691917
D0757848,D0771182,D0775275,0.735414,0.748495
D0758481,D0765773,D0767671,0.750775,0.885942
D0758481,D0765773,D0768768,0.750775,0.740486
D0758481,D0765773,D0771182,0.750775,0.900818
D0758481,D0765773,D0775275,0.750775,0.779734
D0758481,D0767671,D0768768,0.698201,0.693289
D0758481,D0767671,D0771182,0.698201,0.901498
D0758481,D0767671,D0775275,0.698201,0.717904
D0758481,D0768768,D0775275,0.881422,0.941742
D0758481,D0768768,D0771182,0.881422,0.691917
D0758481,D0771182,D0775275,0.682705,0.748495
D0758481,D0760834,D0760835,0.803479,0.941668
D0765773,D0767671,D0768768,0.885942,0.693289
D0765773,D0767671,D0771182,0.885942,0.901498
D0765773,D0767671,D0775275,0.885942,0.717904
D0765773,D0768768,D0775275,0.740486,0.941742
D0765773,D0768768,D0771182,0.740486,0.691917
D0765773,D0771182,D0775275,0.900818,0.748495
D0767671,D0768768,D0775275,0.693289,0.941742
D0767671,D0768768,D0771182,0.693289,0.691917
D0767671,D0771182,D0775275,0.901498,0.748495
D0747766,D0751637,D0764575,0.954184,0.786557
D0752139,D0758483,D0767671,0.980747,0.659769
D0752139,D0767671,D0768768,0.687707,0.693289
D0752139,D0767671,D0771182,0.687707,0.901498
D0752139,D0767671,D0775275,0.687707,0.717904
D0758483,D0767671,D0768768,0.659769,0.693289
D0758483,D0767671,D0771182,0.659769,0.901498
D0758483,D0767671,D0775275,0.659769,0.717904
D0761350,D0761899,D0772335,0.623084,0.778721
D0766360,D0767671,D0768768,0.683197,0.693289
D0766360,D0767671,D0771182,0.683197,0.901498
D0766360,D0767671,D0775275,0.683197,0.717904
D0752137,D0758481,D0765773,0.645989,0.750775
D0752137,D0758481,D0767671,0.645989,0.698201
D0752137,D0758481,D0768768,0.645989,0.881422
D0752137,D0758481,D0771182,0.645989,0.682705
D0752137,D0758481,D0775275,0.645989,0.876336
D0752137,D0758481,D0760834,0.645989,0.803479
D0752137,D0758481,D0769368,0.645989,0.755023
D0759155,D0759156,D0759157,0.967917,0.974616
D0754248,D0755283,D0765164,0.927214,0.897852
D0750701,D0752134,D0752135,0.952581,0.811886
D0750701,D0752135,D0769965,0.890172,0.975416
D0752134,D0752135,D0769965,0.811886,0.975416
D0760835,D0766359,D0768768,0.783753,0.97432
D0760835,D0766359,D0775275,0.783753,0.955165
D0760835,D0766359,D0766360,0.783753,0.990301
D0760835,D0766359,D0767671,0.783753,0.679507
D0747764,D0760834,D0760835,0.871911,0.941668
D0747764,D0760835,D0766359,0.879187,0.783753
D0760834,D0760835,D0766359,0.941668,0.783753
D0786968,D0788213,D0789446,0.835169,0.984046
D0786968,D0788213,D0790004,0.835169,0.849715
D0786968,D0788213,D0791224,0.835169,0.705017
D0786968,D0788213,D0791862,0.835169,0.811146
D0786968,D0788213,D0796573,0.835169,0.890344
D0786968,D0788213,D0798948,0.835169,0.80204
D0786968,D0788213,D0798949,0.835169,0.832563
D0786968,D0788213,D0790005,0.835169,0.867232
D0786968,D0789446,D0790004,0.845914,0.85856
D0786968,D0789446,D0791224,0.845914,0.708254
D0786968,D0789446,D0791862,0.845914,0.829336
D0786968,D0789446,D0796573,0.845914,0.882279
D0786968,D0789446,D0798948,0.845914,0.826038
D0786968,D0789446,D0798949,0.845914,0.852237
D0786968,D0790004,D0791224,0.9103,0.775787
D0786968,D0790004,D0791862,0.9103,0.889508
D0786968,D0790004,D0796573,0.9103,0.863256
D0786968,D0790004,D0798948,0.9103,0.877336
D0786968,D0790004,D0798949,0.9103,0.912718
D0786968,D0790004,D0790005,0.9103,0.980909
D0786968,D0791224,D0791862,0.82394,0.923676
D0786968,D0791224,D0796573,0.82394,0.724826
D0786968,D0791224,D0798948,0.82394,0.762137
D0786968,D0791224,D0798949,0.82394,0.758802
D0786968,D0791862,D0796573,0.942031,0.841015
D0786968,D0791862,D0798948,0.942031,0.910232
D0786968,D0791862,D0798949,0.942031,0.913843
D0786968,D0796573,D0798948,0.910182,0.823101
D0786968,D0796573,D0798949,0.910182,0.888457
D0786968,D0798948,D0798949,0.931366,0.951131
D0788213,D0789446,D0790004,0.984046,0.85856
D0788213,D0789446,D0791224,0.984046,0.708254
D0788213,D0789446,D0791862,0.984046,0.829336
D0788213,D0789446,D0796573,0.984046,0.882279
D0788213,D0789446,D0798948,0.984046,0.826038
D0788213,D0789446,D0798949,0.984046,0.852237
D0788213,D0790004,D0791224,0.849715,0.775787
D0788213,D0790004,D0791862,0.849715,0.889508
D0788213,D0790004,D0796573,0.849715,0.863256
D0788213,D0790004,D0798948,0.849715,0.877336
D0788213,D0790004,D0798949,0.849715,0.912718
D0788213,D0790004,D0790005,0.849715,0.980909
D0788213,D0791224,D0791862,0.705017,0.923676
D0788213,D0791224,D0796573,0.705017,0.724826
D0788213,D0791224,D0798948,0.705017,0.762137
D0788213,D0791224,D0798949,0.705017,0.758802
D0788213,D0791862,D0796573,0.811146,0.841015
D0788213,D0791862,D0798948,0.811146,0.910232
D0788213,D0791862,D0798949,0.811146,0.913843
D0788213,D0796573,D0798948,0.890344,0.823101
D0788213,D0796573,D0798949,0.890344,0.888457
D0788213,D0798948,D0798949,0.80204,0.951131
D0788213,D0790005,D0798948,0.867232,0.8674
D0788213,D0790005,D0798949,0.867232,0.915256
D0789446,D0790004,D0791224,0.85856,0.775787
D0789446,D0790004,D0791862,0.85856,0.889508
D0789446,D0790004,D0796573,0.85856,0.863256
D0789446,D0790004,D0798948,0.85856,0.877336
D0789446,D0790004,D0798949,0.85856,0.912718
D0789446,D0790004,D0790005,0.85856,0.980909
D0789446,D0791224,D0791862,0.708254,0.923676
D0789446,D0791224,D0796573,0.708254,0.724826
D0789446,D0791224,D0798948,0.708254,0.762137
D0789446,D0791224,D0798949,0.708254,0.758802
D0789446,D0791862,D0796573,0.829336,0.841015
D0789446,D0791862,D0798948,0.829336,0.910232
D0789446,D0791862,D0798949,0.829336,0.913843
D0789446,D0796573,D0798948,0.882279,0.823101
D0789446,D0796573,D0798949,0.882279,0.888457
D0789446,D0798948,D0798949,0.826038,0.951131
D0790004,D0791224,D0791862,0.775787,0.923676
D0790004,D0791224,D0796573,0.775787,0.724826
D0790004,D0791224,D0798948,0.775787,0.762137
D0790004,D0791224,D0798949,0.775787,0.758802
D0790004,D0791862,D0796573,0.889508,0.841015
D0790004,D0791862,D0798948,0.889508,0.910232
D0790004,D0791862,D0798949,0.889508,0.913843
D0790004,D0796573,D0798948,0.863256,0.823101
D0790004,D0796573,D0798949,0.863256,0.888457
D0790004,D0798948,D0798949,0.877336,0.951131
D0790004,D0790005,D0798948,0.980909,0.8674
D0790004,D0790005,D0798949,0.980909,0.915256
D0791224,D0791862,D0796573,0.923676,0.841015
D0791224,D0791862,D0798948,0.923676,0.910232
D0791224,D0791862,D0798949,0.923676,0.913843
D0791224,D0796573,D0798948,0.724826,0.823101
D0791224,D0796573,D0798949,0.724826,0.888457
D0791224,D0798948,D0798949,0.762137,0.951131
D0791862,D0796573,D0798948,0.841015,0.823101
D0791862,D0796573,D0798949,0.841015,0.888457
D0791862,D0798948,D0798949,0.910232,0.951131
D0796573,D0798948,D0798949,0.823101,0.951131
D0790005,D0798948,D0798949,0.8674,0.951131
D0799594,D0802659,D0803310,0.726224,0.978484
D0777833,D0780840,D0780841,0.937396,0.927282
D0777833,D0780840,D0791867,0.937396,0.92041
D0777833,D0780840,D0800214,0.937396,0.924958
D0777833,D0780840,D0800216,0.937396,0.954645
D0777833,D0780840,D0803310,0.937396,0.944976
D0777833,D0780841,D0791867,0.950199,0.976424
D0777833,D0780841,D0800214,0.950199,0.977445
D0777833,D0780841,D0800216,0.950199,0.963223
D0777833,D0780841,D0803310,0.950199,0.803246
D0777833,D0791867,D0800214,0.948926,0.996734
D0777833,D0791867,D0800216,0.948926,0.972868
D0777833,D0791867,D0803310,0.948926,0.795534
D0777833,D0800214,D0800216,0.95011,0.974741
D0777833,D0800214,D0803310,0.95011,0.801624
D0777833,D0800216,D0803310,0.963761,0.861841
D0780840,D0780841,D0791867,0.927282,0.976424
D0780840,D0780841,D0800214,0.927282,0.977445
D0780840,D0780841,D0800216,0.927282,0.963223
D0780840,D0780841,D0803310,0.927282,0.803246
D0780840,D0791867,D0800214,0.92041,0.996734
D0780840,D0791867,D0800216,0.92041,0.972868
D0780840,D0791867,D0803310,0.92041,0.795534
D0780840,D0800214,D0800216,0.924958,0.974741
D0780840,D0800214,D0803310,0.924958,0.801624
D0780840,D0800216,D0803310,0.954645,0.861841
D0780841,D0791867,D0800214,0.976424,0.996734
D0780841,D0791867,D0800216,0.976424,0.972868
D0780841,D0791867,D0803310,0.976424,0.795534
D0780841,D0800214,D0800216,0.977445,0.974741
D0780841,D0800214,D0803310,0.977445,0.801624
D0780841,D0800216,D0803310,0.963223,0.861841
D0791867,D0800214,D0800216,0.996734,0.974741
D0791867,D0800214,D0803310,0.996734,0.801624
D0791867,D0800216,D0803310,0.972868,0.861841
D0800214,D0800216,D0803310,0.974741,0.861841
D0799590,D0800210,D0800211,0.738505,0.918127
D0781955,D0800210,D0800211,0.812174,0.918127
D0781955,D0788843,D0792923,0.812315,0.876034
D0781955,D0792923,D0795953,0.764027,0.980381
D0781955,D0792923,D0795954,0.764027,0.966269
D0788843,D0792923,D0795953,0.876034,0.980381
D0788843,D0792923,D0795954,0.876034,0.966269
D0792923,D0795953,D0795954,0.980381,0.962734
D0792923,D0795954,D0805578,0.966269,0.962777
D0792508,D0799594,D0802659,0.784251,0.726224
D0792508,D0799594,D0803310,0.784251,0.654285
D0783714,D0787586,D0787587,0.80618,0.799858
D0783714,D0787586,D0787590,0.80618,0.827033
D0783714,D0787586,D0788844,0.80618,0.809227
D0783714,D0787586,D0791230,0.80618,0.721542
D0783714,D0787586,D0794708,0.80618,0.841217
D0783714,D0787587,D0787590,0.886552,0.981632
D0783714,D0787587,D0788844,0.886552,0.986915
D0783714,D0787587,D0791230,0.886552,0.924664
D0783714,D0787590,D0788844,0.875846,0.977993
D0783714,D0787590,D0791230,0.875846,0.918135
D0783714,D0788844,D0791230,0.889448,0.926779
D0787586,D0787587,D0787590,0.799858,0.981632
D0787586,D0787587,D0788844,0.799858,0.986915
D0787586,D0787587,D0791230,0.799858,0.924664
D0787586,D0787590,D0788844,0.827033,0.977993
D0787586,D0787590,D0791230,0.827033,0.918135
D0787586,D0788844,D0791230,0.809227,0.926779
D0787587,D0787590,D0788844,0.981632,0.977993
D0787587,D0787590,D0791230,0.981632,0.918135
D0787587,D0788844,D0791230,0.986915,0.926779
D0787590,D0788844,D0791230,0.977993,0.926779
D0785087,D0787586,D0787587,0.847228,0.799858
D0785087,D0787586,D0787590,0.847228,0.827033
D0785087,D0787586,D0788844,0.847228,0.809227
D0785087,D0787586,D0791230,0.847228,0.721542
D0785087,D0787586,D0794708,0.847228,0.841217
D0795953,D0795954,D0805578,0.962734,0.962777
D0779589,D0791865,D0798948,0.915637,0.787375
D0779589,D0791865,D0798949,0.915637,0.811578
D0779589,D0798948,D0798949,0.791526,0.951131
D0791865,D0798948,D0798949,0.787375,0.951131
D0781372,D0806158,D0806160,0.765488,0.650086
D0777246,D0806158,D0806160,0.763418,0.650086
D0786971,D0792923,D0795953,0.980083,0.980381
D0786971,D0792923,D0795954,0.980083,0.966269
D0777248,D0781955,D0800210,0.815625,0.812174
D0777248,D0781955,D0788843,0.815625,0.812315
D0777248,D0781955,D0792923,0.815625,0.764027
D0777248,D0781955,D0786342,0.815625,0.935214
D0791866,D0794117,D0795339,0.86108,0.814747
D0785085,D0788843,D0792923,0.951965,0.876034
D0818530,D0823935,D0831106,0.85862,0.813923
D0810817,D0823935,D0831106,0.836071,0.813923
D0810817,D0818040,D0829274,0.565623,0.940937
D0806789,D0818533,D0827021,0.96517,0.965739
D0806789,D0818533,D0832916,0.96517,0.900429
D0818533,D0827021,D0832342,0.965739,0.917828
D0818533,D0827021,D0832343,0.965739,0.89566
D0818533,D0827021,D0830451,0.965739,0.917732
D0818533,D0827021,D0832916,0.965739,0.932917
D0807426,D0818528,D0819124,0.93417,0.929217
D0807426,D0818528,D0820907,0.93417,0.88257
D0807426,D0818528,D0821488,0.93417,0.884274
D0807426,D0818528,D0821489,0.93417,0.954804
D0807426,D0818528,D0821490,0.93417,0.973332
D0807426,D0818528,D0822103,0.93417,0.975103
D0807426,D0818528,D0826321,0.93417,0.894015
D0807426,D0818528,D0832343,0.93417,0.827964
D0807426,D0819124,D0820907,0.99491,0.942874
D0807426,D0819124,D0821488,0.99491,0.964702
D0807426,D0819124,D0821489,0.99491,0.987943
D0807426,D0819124,D0821490,0.99491,0.942904
D0807426,D0819124,D0822103,0.99491,0.946744
D0807426,D0819124,D0826321,0.99491,0.9605
D0807426,D0819124,D0832343,0.99491,0.812886
D0807426,D0820907,D0821488,0.942847,0.969672
D0807426,D0820907,D0821489,0.942847,0.941087
D0807426,D0820907,D0821490,0.942847,0.908832
D0807426,D0820907,D0822103,0.942847,0.907935
D0807426,D0820907,D0826321,0.942847,0.955194
D0807426,D0820907,D0832343,0.942847,0.864412
D0807426,D0821488,D0821489,0.962805,0.955115
D0807426,D0821488,D0821490,0.962805,0.920385
D0807426,D0821488,D0822103,0.962805,0.917955
D0807426,D0821488,D0826321,0.962805,0.966345
D0807426,D0821488,D0832343,0.962805,0.845875
D0807426,D0821489,D0821490,0.986893,0.965341
D0807426,D0821489,D0822103,0.986893,0.969491
D0807426,D0821489,D0826321,0.986893,0.947998
D0807426,D0821489,D0832343,0.986893,0.825027
D0807426,D0821490,D0822103,0.94463,0.994497
D0807426,D0821490,D0826321,0.94463,0.924412
D0807426,D0821490,D0832343,0.94463,0.863144
D0807426,D0821490,D0827021,0.94463,0.947995
D0807426,D0821490,D0832342,0.94463,0.970739
D0807426,D0821490,D0830451,0.94463,0.912519
D0807426,D0822103,D0826321,0.947973,0.922682
D0807426,D0822103,D0832343,0.947973,0.844667
D0807426,D0822103,D0827021,0.947973,0.93768
D0807426,D0822103,D0830451,0.947973,0.905963
D0807426,D0826321,D0832343,0.960224,0.835895
D0807426,D0826321,D0827021,0.960224,0.914422
D0807426,D0826321,D0830451,0.960224,0.964143
D0807426,D0807428,D0811474,0.993315,0.97427
D0807426,D0807428,D0832342,0.993315,0.965507
D0807426,D0807428,D0836712,0.993315,0.954081
D0807426,D0811474,D0812134,0.978103,0.972944
D0807426,D0811474,D0812683,0.978103,0.980294
D0807426,D0811474,D0812684,0.978103,0.957063
D0807426,D0811474,D0815197,0.978103,0.989996
D0807426,D0811474,D0818532,0.978103,0.953364
D0807426,D0811474,D0821490,0.978103,0.954261
D0807426,D0811474,D0827021,0.978103,0.940686
D0807426,D0811474,D0832342,0.978103,0.958568
D0807426,D0811474,D0832343,0.978103,0.834505
D0807426,D0811474,D0836712,0.978103,0.944539
D0807426,D0811474,D0815199,0.978103,0.909456
D0807426,D0832342,D0832343,0.970518,0.8115
D0807426,D0832342,D0836712,0.970518,0.979587
D0818528,D0819124,D0820907,0.929217,0.942874
D0818528,D0819124,D0821488,0.929217,0.964702
D0818528,D0819124,D0821489,0.929217,0.987943
D0818528,D0819124,D0821490,0.929217,0.942904
D0818528,D0819124,D0822103,0.929217,0.946744
D0818528,D0819124,D0826321,0.929217,0.9605
D0818528,D0819124,D0832343,0.929217,0.812886
D0818528,D0820907,D0821488,0.88257,0.969672
D0818528,D0820907,D0821489,0.88257,0.941087
D0818528,D0820907,D0821490,0.88257,0.908832
D0818528,D0820907,D0822103,0.88257,0.907935
D0818528,D0820907,D0826321,0.88257,0.955194
D0818528,D0820907,D0832343,0.88257,0.864412
D0818528,D0821488,D0821489,0.884274,0.955115
D0818528,D0821488,D0821490,0.884274,0.920385
D0818528,D0821488,D0822103,0.884274,0.917955
D0818528,D0821488,D0826321,0.884274,0.966345
D0818528,D0821488,D0832343,0.884274,0.845875
D0818528,D0821489,D0821490,0.954804,0.965341
D0818528,D0821489,D0822103,0.954804,0.969491
D0818528,D0821489,D0826321,0.954804,0.947998
D0818528,D0821489,D0832343,0.954804,0.825027
D0818528,D0821490,D0822103,0.973332,0.994497
D0818528,D0821490,D0826321,0.973332,0.924412
D0818528,D0821490,D0832343,0.973332,0.863144
D0818528,D0821490,D0827021,0.973332,0.947995
D0818528,D0821490,D0832342,0.973332,0.970739
D0818528,D0821490,D0830451,0.973332,0.912519
D0818528,D0822103,D0826321,0.975103,0.922682
D0818528,D0822103,D0832343,0.975103,0.844667
D0818528,D0822103,D0827021,0.975103,0.93768
D0818528,D0822103,D0830451,0.975103,0.905963
D0818528,D0826321,D0832343,0.894015,0.835895
D0818528,D0826321,D0827021,0.894015,0.914422
D0818528,D0826321,D0830451,0.894015,0.964143
D0819124,D0820907,D0821488,0.942874,0.969672
D0819124,D0820907,D0821489,0.942874,0.941087
D0819124,D0820907,D0821490,0.942874,0.908832
D0819124,D0820907,D0822103,0.942874,0.907935
D0819124,D0820907,D0826321,0.942874,0.955194
D0819124,D0820907,D0832343,0.942874,0.864412
D0819124,D0821488,D0821489,0.964702,0.955115
D0819124,D0821488,D0821490,0.964702,0.920385
D0819124,D0821488,D0822103,0.964702,0.917955
D0819124,D0821488,D0826321,0.964702,0.966345
D0819124,D0821488,D0832343,0.964702,0.845875
D0819124,D0821489,D0821490,0.987943,0.965341
D0819124,D0821489,D0822103,0.987943,0.969491
D0819124,D0821489,D0826321,0.987943,0.947998
D0819124,D0821489,D0832343,0.987943,0.825027
D0819124,D0821490,D0822103,0.942904,0.994497
D0819124,D0821490,D0826321,0.942904,0.924412
D0819124,D0821490,D0832343,0.942904,0.863144
D0819124,D0821490,D0827021,0.942904,0.947995
D0819124,D0821490,D0832342,0.942904,0.970739
D0819124,D0821490,D0830451,0.942904,0.912519
D0819124,D0822103,D0826321,0.946744,0.922682
D0819124,D0822103,D0832343,0.946744,0.844667
D0819124,D0822103,D0827021,0.946744,0.93768
D0819124,D0822103,D0830451,0.946744,0.905963
D0819124,D0826321,D0832343,0.9605,0.835895
D0819124,D0826321,D0827021,0.9605,0.914422
D0819124,D0826321,D0830451,0.9605,0.964143
D0820907,D0821488,D0821489,0.969672,0.955115
D0820907,D0821488,D0821490,0.969672,0.920385
D0820907,D0821488,D0822103,0.969672,0.917955
D0820907,D0821488,D0826321,0.969672,0.966345
D0820907,D0821488,D0832343,0.969672,0.845875
D0820907,D0821489,D0821490,0.941087,0.965341
D0820907,D0821489,D0822103,0.941087,0.969491
D0820907,D0821489,D0826321,0.941087,0.947998
D0820907,D0821489,D0832343,0.941087,0.825027
D0820907,D0821490,D0822103,0.908832,0.994497
D0820907,D0821490,D0826321,0.908832,0.924412
D0820907,D0821490,D0832343,0.908832,0.863144
D0820907,D0821490,D0827021,0.908832,0.947995
D0820907,D0821490,D0832342,0.908832,0.970739
D0820907,D0821490,D0830451,0.908832,0.912519
D0820907,D0822103,D0826321,0.907935,0.922682
D0820907,D0822103,D0832343,0.907935,0.844667
D0820907,D0822103,D0827021,0.907935,0.93768
D0820907,D0822103,D0830451,0.907935,0.905963
D0820907,D0826321,D0832343,0.955194,0.835895
D0820907,D0826321,D0827021,0.955194,0.914422
D0820907,D0826321,D0830451,0.955194,0.964143
D0821488,D0821489,D0821490,0.955115,0.965341
D0821488,D0821489,D0822103,0.955115,0.969491
D0821488,D0821489,D0826321,0.955115,0.947998
D0821488,D0821489,D0832343,0.955115,0.825027
D0821488,D0821490,D0822103,0.920385,0.994497
D0821488,D0821490,D0826321,0.920385,0.924412
D0821488,D0821490,D0832343,0.920385,0.863144
D0821488,D0821490,D0827021,0.920385,0.947995
D0821488,D0821490,D0832342,0.920385,0.970739
D0821488,D0821490,D0830451,0.920385,0.912519
D0821488,D0822103,D0826321,0.917955,0.922682
D0821488,D0822103,D0832343,0.917955,0.844667
D0821488,D0822103,D0827021,0.917955,0.93768
D0821488,D0822103,D0830451,0.917955,0.905963
D0821488,D0826321,D0832343,0.966345,0.835895
D0821488,D0826321,D0827021,0.966345,0.914422
D0821488,D0826321,D0830451,0.966345,0.964143
D0821489,D0821490,D0822103,0.965341,0.994497
D0821489,D0821490,D0826321,0.965341,0.924412
D0821489,D0821490,D0832343,0.965341,0.863144
D0821489,D0821490,D0827021,0.965341,0.947995
D0821489,D0821490,D0832342,0.965341,0.970739
D0821489,D0821490,D0830451,0.965341,0.912519
D0821489,D0822103,D0826321,0.969491,0.922682
D0821489,D0822103,D0832343,0.969491,0.844667
D0821489,D0822103,D0827021,0.969491,0.93768
D0821489,D0822103,D0830451,0.969491,0.905963
D0821489,D0826321,D0832343,0.947998,0.835895
D0821489,D0826321,D0827021,0.947998,0.914422
D0821489,D0826321,D0830451,0.947998,0.964143
D0821490,D0822103,D0826321,0.994497,0.922682
D0821490,D0822103,D0832343,0.994497,0.844667
D0821490,D0822103,D0827021,0.994497,0.93768
D0821490,D0822103,D0830451,0.994497,0.905963
D0821490,D0826321,D0832343,0.924412,0.835895
D0821490,D0826321,D0827021,0.924412,0.914422
D0821490,D0826321,D0830451,0.924412,0.964143
D0821490,D0827021,D0832342,0.947995,0.917828
D0821490,D0827021,D0832343,0.947995,0.89566
D0821490,D0827021,D0830451,0.947995,0.917732
D0821490,D0827021,D0832916,0.947995,0.932917
D0821490,D0832342,D0832343,0.970739,0.8115
D0821490,D0832342,D0836712,0.970739,0.979587
D0822103,D0826321,D0832343,0.922682,0.835895
D0822103,D0826321,D0827021,0.922682,0.914422
D0822103,D0826321,D0830451,0.922682,0.964143
D0822103,D0827021,D0832342,0.93768,0.917828
D0822103,D0827021,D0832343,0.93768,0.89566
D0822103,D0827021,D0830451,0.93768,0.917732
D0822103,D0827021,D0832916,0.93768,0.932917
D0826321,D0827021,D0832342,0.914422,0.917828
D0826321,D0827021,D0832343,0.914422,0.89566
D0826321,D0827021,D0830451,0.914422,0.917732
D0826321,D0827021,D0832916,0.914422,0.932917
D0807427,D0809592,D0818528,0.991224,0.99025
D0807427,D0809592,D0809594,0.991224,0.982284
D0807427,D0809592,D0812684,0.991224,0.978443
D0807427,D0809592,D0818527,0.991224,0.95077
D0807427,D0818528,D0819124,0.992154,0.929217
D0807427,D0818528,D0820907,0.992154,0.88257
D0807427,D0818528,D0821488,0.992154,0.884274
D0807427,D0818528,D0821489,0.992154,0.954804
D0807427,D0818528,D0821490,0.992154,0.973332
D0807427,D0818528,D0822103,0.992154,0.975103
D0807427,D0818528,D0826321,0.992154,0.894015
D0807427,D0818528,D0832343,0.992154,0.827964
D0807427,D0808461,D0809594,0.985975,0.992764
D0807427,D0808461,D0811474,0.985975,0.952403
D0807427,D0808461,D0812134,0.985975,0.988998
D0807427,D0808461,D0812683,0.985975,0.981545
D0807427,D0808461,D0812684,0.985975,0.991056
D0807427,D0808461,D0815197,0.985975,0.944616
D0807427,D0808461,D0818532,0.985975,0.985679
D0807427,D0808461,D0821490,0.985975,0.982699
D0807427,D0808461,D0827021,0.985975,0.932088
D0807427,D0808461,D0832342,0.985975,0.975763
D0807427,D0808461,D0832343,0.985975,0.827861
D0807427,D0808461,D0809592,0.985975,0.980471
D0807427,D0809594,D0811474,0.982074,0.969958
D0807427,D0809594,D0812134,0.982074,0.993713
D0807427,D0809594,D0812683,0.982074,0.987694
D0807427,D0809594,D0812684,0.982074,0.990063
D0807427,D0809594,D0815197,0.982074,0.960993
D0807427,D0809594,D0818532,0.982074,0.985361
D0807427,D0809594,D0821490,0.982074,0.981031
D0807427,D0809594,D0827021,0.982074,0.946591
D0807427,D0809594,D0832342,0.982074,0.97684
D0807427,D0809594,D0832343,0.982074,0.832759
D0807427,D0812684,D0815197,0.982254,0.948411
D0807427,D0812684,D0818532,0.982254,0.985347
D0807427,D0812684,D0821490,0.982254,0.983551
D0807427,D0812684,D0827021,0.982254,0.94028
D0807427,D0812684,D0832342,0.982254,0.970971
D0807427,D0812684,D0832343,0.982254,0.833625
D0809592,D0818528,D0819124,0.99025,0.929217
D0809592,D0818528,D0820907,0.99025,0.88257
D0809592,D0818528,D0821488,0.99025,0.884274
D0809592,D0818528,D0821489,0.99025,0.954804
D0809592,D0818528,D0821490,0.99025,0.973332
D0809592,D0818528,D0822103,0.99025,0.975103
D0809592,D0818528,D0826321,0.99025,0.894015
D0809592,D0818528,D0832343,0.99025,0.827964
D0809592,D0809594,D0811474,0.982284,0.969958
D0809592,D0809594,D0812134,0.982284,0.993713
D0809592,D0809594,D0812683,0.982284,0.987694
D0809592,D0809594,D0812684,0.982284,0.990063
D0809592,D0809594,D0815197,0.982284,0.960993
D0809592,D0809594,D0818532,0.982284,0.985361
D0809592,D0809594,D0821490,0.982284,0.981031
D0809592,D0809594,D0827021,0.982284,0.946591
D0809592,D0809594,D0832342,0.982284,0.97684
D0809592,D0809594,D0832343,0.982284,0.832759
D0809592,D0812684,D0815197,0.978443,0.948411
D0809592,D0812684,D0818532,0.978443,0.985347
D0809592,D0812684,D0821490,0.978443,0.983551
D0809592,D0812684,D0827021,0.978443,0.94028
D0809592,D0812684,D0832342,0.978443,0.970971
D0809592,D0812684,D0832343,0.978443,0.833625
D0807955,D0831738,D0832338,0.702986,0.979364
D0814560,D0815195,D0818533,0.684041,0.971897
D0814560,D0818533,D0827021,0.6728,0.965739
D0814560,D0818533,D0832916,0.6728,0.900429
D0815195,D0818533,D0827021,0.971897,0.965739
D0815195,D0818533,D0832916,0.971897,0.900429
D0816156,D0817388,D0827022,0.869779,0.862225
D0816156,D0827022,D0827705,0.914816,0.758805
D0817388,D0827022,D0827705,0.862225,0.758805
D0813299,D0816156,D0817388,0.83879,0.869779
D0813299,D0816156,D0827022,0.83879,0.914816
D0806783,D0806784,D0836711,0.891092,0.829979
D0808461,D0809594,D0811474,0.992764,0.969958
D0808461,D0809594,D0812134,0.992764,0.993713
D0808461,D0809594,D0812683,0.992764,0.987694
D0808461,D0809594,D0812684,0.992764,0.990063
D0808461,D0809594,D0815197,0.992764,0.960993
D0808461,D0809594,D0818532,0.992764,0.985361
D0808461,D0809594,D0821490,0.992764,0.981031
D0808461,D0809594,D0827021,0.992764,0.946591
D0808461,D0809594,D0832342,0.992764,0.97684
D0808461,D0809594,D0832343,0.992764,0.832759
D0808461,D0811474,D0812134,0.952403,0.972944
D0808461,D0811474,D0812683,0.952403,0.980294
D0808461,D0811474,D0812684,0.952403,0.957063
D0808461,D0811474,D0815197,0.952403,0.989996
D0808461,D0811474,D0818532,0.952403,0.953364
D0808461,D0811474,D0821490,0.952403,0.954261
D0808461,D0811474,D0827021,0.952403,0.940686
D0808461,D0811474,D0832342,0.952403,0.958568
D0808461,D0811474,D0832343,0.952403,0.834505
D0808461,D0811474,D0836712,0.952403,0.944539
D0808461,D0811474,D0815199,0.952403,0.909456
D0808461,D0812134,D0812683,0.988998,0.990214
D0808461,D0812134,D0812684,0.988998,0.992691
D0808461,D0812134,D0815197,0.988998,0.963871
D0808461,D0812134,D0818532,0.988998,0.984509
D0808461,D0812134,D0821490,0.988998,0.979562
D0808461,D0812134,D0827021,0.988998,0.946689
D0808461,D0812134,D0832342,0.988998,0.973324
D0808461,D0812134,D0832343,0.988998,0.834497
D0808461,D0812134,D0826321,0.988998,0.928064
D0808461,D0812683,D0812684,0.981545,0.983845
D0808461,D0812683,D0815197,0.981545,0.972725
D0808461,D0812683,D0818532,0.981545,0.975827
D0808461,D0812683,D0821490,0.981545,0.978904
D0808461,D0812683,D0827021,0.981545,0.939219
D0808461,D0812683,D0832342,0.981545,0.977927
D0808461,D0812683,D0832343,0.981545,0.835089
D0808461,D0812683,D0822103,0.981545,0.980766
D0808461,D0812683,D0826321,0.981545,0.951443
D0808461,D0812683,D0830451,0.981545,0.931621
D0808461,D0812684,D0815197,0.991056,0.948411
D0808461,D0812684,D0818532,0.991056,0.985347
D0808461,D0812684,D0821490,0.991056,0.983551
D0808461,D0812684,D0827021,0.991056,0.94028
D0808461,D0812684,D0832342,0.991056,0.970971
D0808461,D0812684,D0832343,0.991056,0.833625
D0808461,D0815197,D0818532,0.944616,0.947136
D0808461,D0815197,D0821490,0.944616,0.950173
D0808461,D0815197,D0827021,0.944616,0.938747
D0808461,D0815197,D0832342,0.944616,0.953873
D0808461,D0815197,D0832343,0.944616,0.847879
D0808461,D0815197,D0815199,0.944616,0.91398
D0808461,D0815197,D0824996,0.944616,0.895041
D0808461,D0815197,D0836713,0.944616,0.958761
D0808461,D0818532,D0821490,0.985679,0.982122
D0808461,D0818532,D0827021,0.985679,0.951797
D0808461,D0818532,D0832342,0.985679,0.968073
D0808461,D0818532,D0832343,0.985679,0.84256
D0808461,D0821490,D0822103,0.982699,0.994497
D0808461,D0821490,D0826321,0.982699,0.924412
D0808461,D0821490,D0832343,0.982699,0.863144
D0808461,D0821490,D0827021,0.982699,0.947995
D0808461,D0821490,D0832342,0.982699,0.970739
D0808461,D0821490,D0830451,0.982699,0.912519
D0808461,D0827021,D0832342,0.932088,0.917828
D0808461,D0827021,D0832343,0.932088,0.89566
D0808461,D0827021,D0830451,0.932088,0.917732
D0808461,D0827021,D0832916,0.932088,0.932917
D0808461,D0832342,D0832343,0.975763,0.8115
D0808461,D0832342,D0836712,0.975763,0.979587
D0808461,D0809592,D0818528,0.980471,0.99025
D0808461,D0809592,D0809594,0.980471,0.982284
D0808461,D0809592,D0812684,0.980471,0.978443
D0808461,D0809592,D0818527,0.980471,0.95077
D0809594,D0811474,D0812134,0.969958,0.972944
D0809594,D0811474,D0812683,0.969958,0.980294
D0809594,D0811474,D0812684,0.969958,0.957063
D0809594,D0811474,D0815197,0.969958,0.989996
D0809594,D0811474,D0818532,0.969958,0.953364
D0809594,D0811474,D0821490,0.969958,0.954261
D0809594,D0811474,D0827021,0.969958,0.940686
D0809594,D0811474,D0832342,0.969958,0.958568
D0809594,D0811474,D0832343,0.969958,0.834505
D0809594,D0811474,D0836712,0.969958,0.944539
D0809594,D0811474,D0815199,0.969958,0.909456
D0809594,D0812134,D0812683,0.993713,0.990214
D0809594,D0812134,D0812684,0.993713,0.992691
D0809594,D0812134,D0815197,0.993713,0.963871
D0809594,D0812134,D0818532,0.993713,0.984509
D0809594,D0812134,D0821490,0.993713,0.979562
D0809594,D0812134,D0827021,0.993713,0.946689
D0809594,D0812134,D0832342,0.993713,0.973324
D0809594,D0812134,D0832343,0.993713,0.834497
D0809594,D0812134,D0826321,0.993713,0.928064
D0809594,D0812683,D0812684,0.987694,0.983845
D0809594,D0812683,D0815197,0.987694,0.972725
D0809594,D0812683,D0818532,0.987694,0.975827
D0809594,D0812683,D0821490,0.987694,0.978904
D0809594,D0812683,D0827021,0.987694,0.939219
D0809594,D0812683,D0832342,0.987694,0.977927
D0809594,D0812683,D0832343,0.987694,0.835089
D0809594,D0812683,D0822103,0.987694,0.980766
D0809594,D0812683,D0826321,0.987694,0.951443
D0809594,D0812683,D0830451,0.987694,0.931621
D0809594,D0812684,D0815197,0.990063,0.948411
D0809594,D0812684,D0818532,0.990063,0.985347
D0809594,D0812684,D0821490,0.990063,0.983551
D0809594,D0812684,D0827021,0.990063,0.94028
D0809594,D0812684,D0832342,0.990063,0.970971
D0809594,D0812684,D0832343,0.990063,0.833625
D0809594,D0815197,D0818532,0.960993,0.947136
D0809594,D0815197,D0821490,0.960993,0.950173
D0809594,D0815197,D0827021,0.960993,0.938747
D0809594,D0815197,D0832342,0.960993,0.953873
D0809594,D0815197,D0832343,0.960993,0.847879
D0809594,D0815197,D0815199,0.960993,0.91398
D0809594,D0815197,D0824996,0.960993,0.895041
D0809594,D0815197,D0836713,0.960993,0.958761
D0809594,D0818532,D0821490,0.985361,0.982122
D0809594,D0818532,D0827021,0.985361,0.951797
D0809594,D0818532,D0832342,0.985361,0.968073
D0809594,D0818532,D0832343,0.985361,0.84256
D0809594,D0821490,D0822103,0.981031,0.994497
D0809594,D0821490,D0826321,0.981031,0.924412
D0809594,D0821490,D0832343,0.981031,0.863144
D0809594,D0821490,D0827021,0.981031,0.947995
D0809594,D0821490,D0832342,0.981031,0.970739
D0809594,D0821490,D0830451,0.981031,0.912519
D0809594,D0827021,D0832342,0.946591,0.917828
D0809594,D0827021,D0832343,0.946591,0.89566
D0809594,D0827021,D0830451,0.946591,0.917732
D0809594,D0827021,D0832916,0.946591,0.932917
D0809594,D0832342,D0832343,0.97684,0.8115
D0809594,D0832342,D0836712,0.97684,0.979587
D0811474,D0812134,D0812683,0.972944,0.990214
D0811474,D0812134,D0812684,0.972944,0.992691
D0811474,D0812134,D0815197,0.972944,0.963871
D0811474,D0812134,D0818532,0.972944,0.984509
D0811474,D0812134,D0821490,0.972944,0.979562
D0811474,D0812134,D0827021,0.972944,0.946689
D0811474,D0812134,D0832342,0.972944,0.973324
D0811474,D0812134,D0832343,0.972944,0.834497
D0811474,D0812134,D0826321,0.972944,0.928064
D0811474,D0812683,D0812684,0.980294,0.983845
D0811474,D0812683,D0815197,0.980294,0.972725
D0811474,D0812683,D0818532,0.980294,0.975827
D0811474,D0812683,D0821490,0.980294,0.978904
D0811474,D0812683,D0827021,0.980294,0.939219
D0811474,D0812683,D0832342,0.980294,0.977927
D0811474,D0812683,D0832343,0.980294,0.835089
D0811474,D0812683,D0822103,0.980294,0.980766
D0811474,D0812683,D0826321,0.980294,0.951443
D0811474,D0812683,D0830451,0.980294,0.931621
D0811474,D0812684,D0815197,0.957063,0.948411
D0811474,D0812684,D0818532,0.957063,0.985347
D0811474,D0812684,D0821490,0.957063,0.983551
D0811474,D0812684,D0827021,0.957063,0.94028
D0811474,D0812684,D0832342,0.957063,0.970971
D0811474,D0812684,D0832343,0.957063,0.833625
D0811474,D0815197,D0818532,0.989996,0.947136
D0811474,D0815197,D0821490,0.989996,0.950173
D0811474,D0815197,D0827021,0.989996,0.938747
D0811474,D0815197,D0832342,0.989996,0.953873
D0811474,D0815197,D0832343,0.989996,0.847879
D0811474,D0815197,D0815199,0.989996,0.91398
D0811474,D0815197,D0824996,0.989996,0.895041
D0811474,D0815197,D0836713,0.989996,0.958761
D0811474,D0818532,D0821490,0.953364,0.982122
D0811474,D0818532,D0827021,0.953364,0.951797
D0811474,D0818532,D0832342,0.953364,0.968073
D0811474,D0818532,D0832343,0.953364,0.84256
D0811474,D0821490,D0822103,0.954261,0.994497
D0811474,D0821490,D0826321,0.954261,0.924412
D0811474,D0821490,D0832343,0.954261,0.863144
D0811474,D0821490,D0827021,0.954261,0.947995
D0811474,D0821490,D0832342,0.954261,0.970739
D0811474,D0821490,D0830451,0.954261,0.912519
D0811474,D0827021,D0832342,0.940686,0.917828
D0811474,D0827021,D0832343,0.940686,0.89566
D0811474,D0827021,D0830451,0.940686,0.917732
D0811474,D0827021,D0832916,0.940686,0.932917
D0811474,D0832342,D0832343,0.958568,0.8115
D0811474,D0832342,D0836712,0.958568,0.979587
D0811474,D0815199,D0832343,0.909456,0.925793
D0812134,D0812683,D0812684,0.990214,0.983845
D0812134,D0812683,D0815197,0.990214,0.972725
D0812134,D0812683,D0818532,0.990214,0.975827
D0812134,D0812683,D0821490,0.990214,0.978904
D0812134,D0812683,D0827021,0.990214,0.939219
D0812134,D0812683,D0832342,0.990214,0.977927
D0812134,D0812683,D0832343,0.990214,0.835089
D0812134,D0812683,D0822103,0.990214,0.980766
D0812134,D0812683,D0826321,0.990214,0.951443
D0812134,D0812683,D0830451,0.990214,0.931621
D0812134,D0812684,D0815197,0.992691,0.948411
D0812134,D0812684,D0818532,0.992691,0.985347
D0812134,D0812684,D0821490,0.992691,0.983551
D0812134,D0812684,D0827021,0.992691,0.94028
D0812134,D0812684,D0832342,0.992691,0.970971
D0812134,D0812684,D0832343,0.992691,0.833625
D0812134,D0815197,D0818532,0.963871,0.947136
D0812134,D0815197,D0821490,0.963871,0.950173
D0812134,D0815197,D0827021,0.963871,0.938747
D0812134,D0815197,D0832342,0.963871,0.953873
D0812134,D0815197,D0832343,0.963871,0.847879
D0812134,D0815197,D0815199,0.963871,0.91398
D0812134,D0815197,D0824996,0.963871,0.895041
D0812134,D0815197,D0836713,0.963871,0.958761
D0812134,D0818532,D0821490,0.984509,0.982122
D0812134,D0818532,D0827021,0.984509,0.951797
D0812134,D0818532,D0832342,0.984509,0.968073
D0812134,D0818532,D0832343,0.984509,0.84256
D0812134,D0821490,D0822103,0.979562,0.994497
D0812134,D0821490,D0826321,0.979562,0.924412
D0812134,D0821490,D0832343,0.979562,0.863144
D0812134,D0821490,D0827021,0.979562,0.947995
D0812134,D0821490,D0832342,0.979562,0.970739
D0812134,D0821490,D0830451,0.979562,0.912519
D0812134,D0827021,D0832342,0.946689,0.917828
D0812134,D0827021,D0832343,0.946689,0.89566
D0812134,D0827021,D0830451,0.946689,0.917732
D0812134,D0827021,D0832916,0.946689,0.932917
D0812134,D0832342,D0832343,0.973324,0.8115
D0812134,D0832342,D0836712,0.973324,0.979587
D0812134,D0826321,D0832343,0.928064,0.835895
D0812134,D0826321,D0827021,0.928064,0.914422
D0812134,D0826321,D0830451,0.928064,0.964143
D0812683,D0812684,D0815197,0.983845,0.948411
D0812683,D0812684,D0818532,0.983845,0.985347
D0812683,D0812684,D0821490,0.983845,0.983551
D0812683,D0812684,D0827021,0.983845,0.94028
D0812683,D0812684,D0832342,0.983845,0.970971
D0812683,D0812684,D0832343,0.983845,0.833625
D0812683,D0815197,D0818532,0.972725,0.947136
D0812683,D0815197,D0821490,0.972725,0.950173
D0812683,D0815197,D0827021,0.972725,0.938747
D0812683,D0815197,D0832342,0.972725,0.953873
D0812683,D0815197,D0832343,0.972725,0.847879
D0812683,D0815197,D0815199,0.972725,0.91398
D0812683,D0815197,D0824996,0.972725,0.895041
D0812683,D0815197,D0836713,0.972725,0.958761
D0812683,D0818532,D0821490,0.975827,0.982122
D0812683,D0818532,D0827021,0.975827,0.951797
D0812683,D0818532,D0832342,0.975827,0.968073
D0812683,D0818532,D0832343,0.975827,0.84256
D0812683,D0821490,D0822103,0.978904,0.994497
D0812683,D0821490,D0826321,0.978904,0.924412
D0812683,D0821490,D0832343,0.978904,0.863144
D0812683,D0821490,D0827021,0.978904,0.947995
D0812683,D0821490,D0832342,0.978904,0.970739
D0812683,D0821490,D0830451,0.978904,0.912519
D0812683,D0827021,D0832342,0.939219,0.917828
D0812683,D0827021,D0832343,0.939219,0.89566
D0812683,D0827021,D0830451,0.939219,0.917732
D0812683,D0827021,D0832916,0.939219,0.932917
D0812683,D0832342,D0832343,0.977927,0.8115
D0812683,D0832342,D0836712,0.977927,0.979587
D0812683,D0822103,D0826321,0.980766,0.922682
D0812683,D0822103,D0832343,0.980766,0.844667
D0812683,D0822103,D0827021,0.980766,0.93768
D0812683,D0822103,D0830451,0.980766,0.905963
D0812683,D0826321,D0832343,0.951443,0.835895
D0812683,D0826321,D0827021,0.951443,0.914422
D0812683,D0826321,D0830451,0.951443,0.964143
D0812684,D0815197,D0818532,0.948411,0.947136
D0812684,D0815197,D0821490,0.948411,0.950173
D0812684,D0815197,D0827021,0.948411,0.938747
D0812684,D0815197,D0832342,0.948411,0.953873
D0812684,D0815197,D0832343,0.948411,0.847879
D0812684,D0815197,D0815199,0.948411,0.91398
D0812684,D0815197,D0824996,0.948411,0.895041
D0812684,D0815197,D0836713,0.948411,0.958761
D0812684,D0818532,D0821490,0.985347,0.982122
D0812684,D0818532,D0827021,0.985347,0.951797
D0812684,D0818532,D0832342,0.985347,0.968073
D0812684,D0818532,D0832343,0.985347,0.84256
D0812684,D0821490,D0822103,0.983551,0.994497
D0812684,D0821490,D0826321,0.983551,0.924412
D0812684,D0821490,D0832343,0.983551,0.863144
D0812684,D0821490,D0827021,0.983551,0.947995
D0812684,D0821490,D0832342,0.983551,0.970739
D0812684,D0821490,D0830451,0.983551,0.912519
D0812684,D0827021,D0832342,0.94028,0.917828
D0812684,D0827021,D0832343,0.94028,0.89566
D0812684,D0827021,D0830451,0.94028,0.917732
D0812684,D0827021,D0832916,0.94028,0.932917
D0812684,D0832342,D0832343,0.970971,0.8115
D0812684,D0832342,D0836712,0.970971,0.979587
D0815197,D0818532,D0821490,0.947136,0.982122
D0815197,D0818532,D0827021,0.947136,0.951797
D0815197,D0818532,D0832342,0.947136,0.968073
D0815197,D0818532,D0832343,0.947136,0.84256
D0815197,D0821490,D0822103,0.950173,0.994497
D0815197,D0821490,D0826321,0.950173,0.924412
D0815197,D0821490,D0832343,0.950173,0.863144
D0815197,D0821490,D0827021,0.950173,0.947995
D0815197,D0821490,D0832342,0.950173,0.970739
D0815197,D0821490,D0830451,0.950173,0.912519
D0815197,D0827021,D0832342,0.938747,0.917828
D0815197,D0827021,D0832343,0.938747,0.89566
D0815197,D0827021,D0830451,0.938747,0.917732
D0815197,D0827021,D0832916,0.938747,0.932917
D0815197,D0832342,D0832343,0.953873,0.8115
D0815197,D0832342,D0836712,0.953873,0.979587
D0815197,D0815199,D0832343,0.91398,0.925793
D0815197,D0824996,D0836713,0.895041,0.865882
D0818532,D0821490,D0822103,0.982122,0.994497
D0818532,D0821490,D0826321,0.982122,0.924412
D0818532,D0821490,D0832343,0.982122,0.863144
D0818532,D0821490,D0827021,0.982122,0.947995
D0818532,D0821490,D0832342,0.982122,0.970739
D0818532,D0821490,D0830451,0.982122,0.912519
D0818532,D0827021,D0832342,0.951797,0.917828
D0818532,D0827021,D0832343,0.951797,0.89566
D0818532,D0827021,D0830451,0.951797,0.917732
D0818532,D0827021,D0832916,0.951797,0.932917
D0818532,D0832342,D0832343,0.968073,0.8115
D0818532,D0832342,D0836712,0.968073,0.979587
D0827021,D0832342,D0832343,0.917828,0.8115
D0827021,D0832342,D0836712,0.917828,0.979587
D0810816,D0811472,D0814559,0.987337,0.83619
D0810816,D0814559,D0818524,0.858982,0.878864
D0811472,D0814559,D0818524,0.83619,0.878864
D0815198,D0826317,D0827020,0.858356,0.905427
D0815198,D0818533,D0827021,0.914033,0.965739
D0815198,D0818533,D0832916,0.914033,0.900429
D0810194,D0824455,D0826319,0.96957,0.981283
D0810194,D0818534,D0822760,0.836798,0.798585
D0806791,D0810194,D0824455,0.975056,0.96957
D0806791,D0810194,D0826319,0.975056,0.985245
D0806791,D0810194,D0818534,0.975056,0.836798
D0806791,D0818534,D0822760,0.870565,0.798585
D0810820,D0813296,D0836714,0.721317,0.896479
D0810820,D0826320,D0829277,0.758182,0.840248
D0810820,D0826320,D0833521,0.758182,0.822909
D0806792,D0813939,D0813940,0.901064,0.988383
D0806792,D0813939,D0818533,0.901064,0.968775
D0806792,D0813939,D0827021,0.901064,0.951011
D0806792,D0813939,D0832916,0.901064,0.911697
D0806792,D0813940,D0818533,0.921674,0.975099
D0806792,D0813940,D0827021,0.921674,0.959751
D0806792,D0813940,D0832916,0.921674,0.90784
D0806792,D0818533,D0827021,0.910569,0.965739
D0806792,D0818533,D0832916,0.910569,0.900429
D0806792,D0827021,D0832342,0.932594,0.917828
D0806792,D0827021,D0832343,0.932594,0.89566
D0806792,D0827021,D0830451,0.932594,0.917732
D0806792,D0827021,D0832916,0.932594,0.932917
D0813939,D0813940,D0818533,0.988383,0.975099
D0813939,D0813940,D0827021,0.988383,0.959751
D0813939,D0813940,D0832916,0.988383,0.90784
D0813939,D0818533,D0827021,0.968775,0.965739
D0813939,D0818533,D0832916,0.968775,0.900429
D0813939,D0827021,D0832342,0.951011,0.917828
D0813939,D0827021,D0832343,0.951011,0.89566
D0813939,D0827021,D0830451,0.951011,0.917732
D0813939,D0827021,D0832916,0.951011,0.932917
D0813940,D0818533,D0827021,0.975099,0.965739
D0813940,D0818533,D0832916,0.975099,0.900429
D0813940,D0827021,D0832342,0.959751,0.917828
D0813940,D0827021,D0832343,0.959751,0.89566
D0813940,D0827021,D0830451,0.959751,0.917732
D0813940,D0827021,D0832916,0.959751,0.932917
D0824454,D0824994,D0824995,0.620943,0.988251
D0810192,D0826321,D0832343,0.943805,0.835895
D0810192,D0826321,D0827021,0.943805,0.914422
D0810192,D0826321,D0830451,0.943805,0.964143
D0806790,D0815683,D0828442,0.963729,0.819814
D0806790,D0815683,D0829276,0.963729,0.848347
D0806790,D0828442,D0829276,0.783176,0.946982
D0815683,D0828442,D0829276,0.819814,0.946982
D0809596,D0815200,D0823941,0.967207,0.931373
D0809596,D0815200,D0829816,0.967207,0.752009
D0809596,D0823941,D0829816,0.925104,0.778243
D0815200,D0823941,D0829816,0.931373,0.778243
D0809059,D0818041,D0818533,0.844915,0.711333
D0809059,D0818533,D0827021,0.549483,0.965739
D0809059,D0818533,D0832916,0.549483,0.900429
D0818041,D0818533,D0827021,0.711333,0.965739
D0818041,D0818533,D0832916,0.711333,0.900429
D0817391,D0818533,D0827021,0.959653,0.965739
D0817391,D0818533,D0832916,0.959653,0.900429
D0812132,D0812678,D0829277,0.640024,0.831356
D0832340,D0833519,D0833520,0.921969,0.95684
D0828868,D0829813,D0829814,0.976046,0.962626
D0806785,D0807425,D0810190,0.883322,0.897269
D0807428,D0811474,D0812134,0.97427,0.972944
D0807428,D0811474,D0812683,0.97427,0.980294
D0807428,D0811474,D0812684,0.97427,0.957063
D0807428,D0811474,D0815197,0.97427,0.989996
D0807428,D0811474,D0818532,0.97427,0.953364
D0807428,D0811474,D0821490,0.97427,0.954261
D0807428,D0811474,D0827021,0.97427,0.940686
D0807428,D0811474,D0832342,0.97427,0.958568
D0807428,D0811474,D0832343,0.97427,0.834505
D0807428,D0811474,D0836712,0.97427,0.944539
D0807428,D0811474,D0815199,0.97427,0.909456
D0807428,D0832342,D0832343,0.965507,0.8115
D0807428,D0832342,D0836712,0.965507,0.979587
D0807424,D0810816,D0811472,0.846266,0.987337
D0807424,D0810816,D0831107,0.846266,0.696757
D0807424,D0810816,D0831106,0.846266,0.60758
D0807424,D0810816,D0814559,0.846266,0.858982
D0807424,D0811472,D0814559,0.877182,0.83619
D0807424,D0814559,D0818524,0.842889,0.878864
D0810819,D0812136,D0823383,0.987208,0.921037
D0810819,D0812136,D0823384,0.987208,0.895336
D0810819,D0823383,D0823384,0.941953,0.97661
D0812136,D0823383,D0823384,0.921037,0.97661
D0807429,D0823383,D0823384,0.823321,0.97661
D0816153,D0829813,D0829814,0.863956,0.962626
D0856410,D0861778,D0871500,0.932733,0.916352
D0856413,D0861067,D0861781,0.6404,0.931082
D0856413,D0861067,D0867445,0.6404,0.70171
D0856413,D0861067,D0868885,0.6404,0.850603
D0856413,D0861781,D0867445,0.746922,0.813136
D0856413,D0861781,D0868885,0.746922,0.788399
D0856413,D0861781,D0868151,0.746922,0.947919
D0856413,D0867445,D0868885,0.973948,0.634503
D0861067,D0861781,D0867445,0.931082,0.813136
D0861067,D0861781,D0868885,0.931082,0.788399
D0861067,D0861781,D0868151,0.931082,0.947919
D0861067,D0867445,D0868885,0.70171,0.634503
D0861781,D0867445,D0868885,0.813136,0.634503
D0861781,D0868151,D0868884,0.947919,0.965665
D0843441,D0843442,D0844049,0.48183,0.795219
D0843441,D0843442,D0844700,0.48183,0.556634
D0843441,D0843442,D0846633,0.48183,0.53518
D0843441,D0844049,D0844700,0.758029,0.718016
D0843441,D0844049,D0846633,0.758029,0.689586
D0843441,D0844700,D0846633,0.784404,0.904801
D0843442,D0844049,D0844700,0.795219,0.718016
D0843442,D0844049,D0846633,0.795219,0.689586
D0843442,D0844700,D0846633,0.556634,0.904801
D0844049,D0844700,D0846633,0.718016,0.904801
D0841731,D0857793,D0868884,0.894594,0.912447
D0848525,D0849134,D0861781,0.963577,0.822375
D0848525,D0849134,D0868151,0.963577,0.845231
D0848525,D0849134,D0865052,0.963577,0.954554
D0848525,D0861781,D0867445,0.776147,0.813136
D0848525,D0861781,D0868885,0.776147,0.788399
D0848525,D0861781,D0868151,0.776147,0.947919
D0848525,D0868151,D0868884,0.807023,0.965665
D0849134,D0861781,D0867445,0.822375,0.813136
D0849134,D0861781,D0868885,0.822375,0.788399
D0849134,D0861781,D0868151,0.822375,0.947919
D0849134,D0868151,D0868884,0.845231,0.965665
D0849134,D0865052,D0868151,0.954554,0.896799
D0849134,D0865052,D0868884,0.954554,0.903172
D0844046,D0851697,D0857791,0.64799,0.836324
D0844046,D0851697,D0859516,0.64799,0.965996
D0844046,D0851697,D0860307,0.64799,0.896578
D0844046,D0844696,D0852268,0.759988,0.936393
D0851697,D0859516,D0860307,0.965996,0.89088
D0838770,D0844047,D0851169,0.662182,0.599055
D0838770,D0844047,D0851697,0.662182,0.767044
D0838770,D0844047,D0859516,0.662182,0.777198
D0838770,D0844047,D0860307,0.662182,0.559597
D0838770,D0851169,D0851697,0.918414,0.881126
D0838770,D0851169,D0859516,0.918414,0.913676
D0838770,D0851169,D0860307,0.918414,0.875174
D0838770,D0851697,D0857791,0.898879,0.836324
D0838770,D0851697,D0859516,0.898879,0.965996
D0838770,D0851697,D0860307,0.898879,0.896578
D0838770,D0859516,D0860307,0.911109,0.89088
D0844047,D0851169,D0851697,0.599055,0.881126
D0844047,D0851169,D0859516,0.599055,0.913676
D0844047,D0851169,D0860307,0.599055,0.875174
D0844047,D0851697,D0857791,0.767044,0.836324
D0844047,D0851697,D0859516,0.767044,0.965996
D0844047,D0851697,D0860307,0.767044,0.896578
D0844047,D0859516,D0860307,0.777198,0.89088
D0851169,D0851697,D0857791,0.881126,0.836324
D0851169,D0851697,D0859516,0.881126,0.965996
D0851169,D0851697,D0860307,0.881126,0.896578
D0851169,D0859516,D0860307,0.913676,0.89088
D0840467,D0849132,D0849133,0.859042,0.973957
D0845384,D0849132,D0849133,0.806186,0.973957
D0843443,D0845384,D0849132,0.644272,0.806186
D0844699,D0854079,D0861065,0.879787,0.755207
D0844702,D0854079,D0861065,0.864402,0.755207
D0837292,D0841731,D0861068,0.862105,0.843385
D0837292,D0841731,D0857793,0.862105,0.894594
D0837292,D0841731,D0868884,0.862105,0.933858
D0837292,D0857793,D0868884,0.956679,0.912447
D0838772,D0843444,D0850530,0.960784,0.734483
D0857092,D0858627,D0861065,0.691388,0.912098
D0838311,D0857092,D0858627,0.808156,0.691388
D0838311,D0857092,D0861065,0.808156,0.665957
D0865052,D0868151,D0868884,0.896799,0.965665
D0844045,D0850524,D0871499,0.680883,0.856806
D0876537,D0886901,D0888150,0.828534,0.879183
D0876533,D0893591,D0900211,0.917058,0.863369
D0882676,D0883373,D0902297,0.885842,0.806895
D0882677,D0882678,D0882679,0.928982,0.893556
D0880580,D0881269,D0886189,0.762439,0.870034
D0880580,D0881269,D0886190,0.762439,0.706383
D0880580,D0886189,D0886190,0.826015,0.750451
D0881269,D0886189,D0886190,0.870034,0.750451
D0892920,D0893594,D0894264,0.791612,0.83525
D0893594,D0894264,D0900214,0.83525,0.873399
D0876535,D0879194,D0894267,0.505288,0.858799
D0876535,D0879194,D0906415,0.505288,0.872539
D0876535,D0879194,D0906416,0.505288,0.600579
D0876535,D0894267,D0906415,0.599836,0.867836
D0876535,D0894267,D0906416,0.599836,0.645789
D0876535,D0906415,D0906416,0.719029,0.737216
D0879194,D0894267,D0906415,0.858799,0.867836
D0879194,D0894267,D0906416,0.858799,0.645789
D0879194,D0906415,D0906416,0.872539,0.737216
D0894267,D0906415,D0906416,0.867836,0.737216
D0873333,D0881987,D0893603,0.810608,0.854898
D0873333,D0881987,D0894272,0.810608,0.833782
D0873333,D0893603,D0894272,0.808895,0.975422
D0881987,D0893603,D0894272,0.854898,0.975422
D0892919,D0892924,D0897421,0.875204,0.899646
D0872171,D0883373,D0902297,0.799745,0.806895
D0879873,D0886187,D0886896,0.88143,0.903624
D0879873,D0886187,D0886897,0.88143,0.812591
D0879873,D0886896,D0886897,0.847324,0.938104
D0886187,D0886896,D0886897,0.903624,0.938104
D0877240,D0894271,D0895004,0.842119,0.88309
D0873332,D0873333,D0881987,0.939814,0.810608
D0873332,D0873333,D0893603,0.939814,0.808895
D0873332,D0873333,D0894272,0.939814,0.810416
D0912135,D0916181,D0916182,0.913574,0.990745
D0912135,D0916181,D0916183,0.913574,0.979496
D0912135,D0916181,D0917614,0.913574,0.982956
D0912135,D0916182,D0916183,0.923556,0.984517
D0912135,D0916182,D0917614,0.923556,0.984131
D0912135,D0916183,D0917614,0.923519,0.986065
D0912135,D0917614,D0926876,0.919371,0.929023
D0912135,D0917614,D0923701,0.919371,0.80052
D0916181,D0916182,D0916183,0.990745,0.984517
D0916181,D0916182,D0917614,0.990745,0.984131
D0916181,D0916183,D0917614,0.979496,0.986065
D0916181,D0917614,D0926876,0.982956,0.929023
D0916181,D0917614,D0923701,0.982956,0.80052
D0916182,D0916183,D0917614,0.984517,0.986065
D0916182,D0917614,D0926876,0.984131,0.929023
D0916182,D0917614,D0923701,0.984131,0.80052
D0916183,D0917614,D0926876,0.986065,0.929023
D0916183,D0917614,D0923701,0.986065,0.80052
D0907701,D0911436,D0915505,0.733511,0.58724
D0907701,D0911436,D0923702,0.733511,0.61175
D0907701,D0915505,D0923702,0.712735,0.880847
D0911436,D0915505,D0923702,0.58724,0.880847
D0911434,D0923698,D0923699,0.73426,0.689103
D0908789,D0913367,D0924318,0.722043,0.544249
D0908789,D0913367,D0933742,0.722043,0.559131
D0908789,D0924318,D0933742,0.439521,0.990578
D0913367,D0924318,D0933742,0.544249,0.990578
D0916956,D0923698,D0923699,0.57115,0.689103
D0942535,D0949237,D0952031,0.888968,0.769525
D0942535,D0949237,D0952032,0.888968,0.813324
D0942535,D0949237,D0956137,0.888968,0.827272
D0942535,D0949237,D0958882,0.888968,0.852719
D0942535,D0949237,D0964459,0.888968,0.778366
D0942535,D0949237,D0964460,0.888968,0.790931
D0942535,D0949237,D0970605,0.888968,0.782171
D0942535,D0949237,D0970606,0.888968,0.811244
D0942535,D0952031,D0952032,0.867046,0.920151
D0942535,D0952031,D0956137,0.867046,0.778623
D0942535,D0952031,D0958882,0.867046,0.882057
D0942535,D0952031,D0964459,0.867046,0.964608
D0942535,D0952031,D0964460,0.867046,0.872957
D0942535,D0952031,D0970605,0.867046,0.975017
D0942535,D0952031,D0970606,0.867046,0.802541
D0942535,D0952032,D0956137,0.834172,0.759142
D0942535,D0952032,D0958882,0.834172,0.892068
D0942535,D0952032,D0964459,0.834172,0.932308
D0942535,D0952032,D0964460,0.834172,0.955812
D0942535,D0952032,D0970605,0.834172,0.939619
D0942535,D0952032,D0970606,0.834172,0.751322
D0942535,D0956137,D0958882,0.903597,0.820947
D0942535,D0956137,D0964459,0.903597,0.761087
D0942535,D0956137,D0964460,0.903597,0.685082
D0942535,D0956137,D0970605,0.903597,0.785127
D0942535,D0956137,D0970606,0.903597,0.931468
D0942535,D0958882,D0964459,0.909582,0.909735
D0942535,D0958882,D0964460,0.909582,0.855165
D0942535,D0958882,D0970605,0.909582,0.882822
D0942535,D0958882,D0970606,0.909582,0.823857
D0942535,D0964459,D0964460,0.86429,0.911496
D0942535,D0964459,D0970605,0.86429,0.959447
D0942535,D0964459,D0970606,0.86429,0.772182
D0942535,D0964460,D0970605,0.774172,0.888971
D0942535,D0964460,D0970606,0.774172,0.673084
D0942535,D0970605,D0970606,0.873864,0.792499
D0942535,D0946651,D0948606,0.815585,0.770524
D0942535,D0946651,D0956133,0.815585,0.828493
D0942535,D0946651,D0956861,0.815585,0.63001
D0942535,D0946651,D0973766,0.815585,0.69288
D0949237,D0952031,D0952032,0.769525,0.920151
D0949237,D0952031,D0956137,0.769525,0.778623
D0949237,D0952031,D0958882,0.769525,0.882057
D0949237,D0952031,D0964459,0.769525,0.964608
D0949237,D0952031,D0964460,0.769525,0.872957
D0949237,D0952031,D0970605,0.769525,0.975017
D0949237,D0952031,D0970606,0.769525,0.802541
D0949237,D0952032,D0956137,0.813324,0.759142
D0949237,D0952032,D0958882,0.813324,0.892068
D0949237,D0952032,D0964459,0.813324,0.932308
D0949237,D0952032,D0964460,0.813324,0.955812
D0949237,D0952032,D0970605,0.813324,0.939619
D0949237,D0952032,D0970606,0.813324,0.751322
D0949237,D0956137,D0958882,0.827272,0.820947
D0949237,D0956137,D0964459,0.827272,0.761087
D0949237,D0956137,D0964460,0.827272,0.685082
D0949237,D0956137,D0970605,0.827272,0.785127
D0949237,D0956137,D0970606,0.827272,0.931468
D0949237,D0958882,D0964459,0.852719,0.909735
D0949237,D0958882,D0964460,0.852719,0.855165
D0949237,D0958882,D0970605,0.852719,0.882822
D0949237,D0958882,D0970606,0.852719,0.823857
D0949237,D0964459,D0964460,0.778366,0.911496
D0949237,D0964459,D0970605,0.778366,0.959447
D0949237,D0964459,D0970606,0.778366,0.772182
D0949237,D0964460,D0970605,0.790931,0.888971
D0949237,D0964460,D0970606,0.790931,0.673084
D0949237,D0970605,D0970606,0.782171,0.792499
D0952031,D0952032,D0956137,0.920151,0.759142
D0952031,D0952032,D0958882,0.920151,0.892068
D0952031,D0952032,D0964459,0.920151,0.932308
D0952031,D0952032,D0964460,0.920151,0.955812
D0952031,D0952032,D0970605,0.920151,0.939619
D0952031,D0952032,D0970606,0.920151,0.751322
D0952031,D0956137,D0958882,0.778623,0.820947
D0952031,D0956137,D0964459,0.778623,0.761087
D0952031,D0956137,D0964460,0.778623,0.685082
D0952031,D0956137,D0970605,0.778623,0.785127
D0952031,D0956137,D0970606,0.778623,0.931468
D0952031,D0958882,D0964459,0.882057,0.909735
D0952031,D0958882,D0964460,0.882057,0.855165
D0952031,D0958882,D0970605,0.882057,0.882822
D0952031,D0958882,D0970606,0.882057,0.823857
D0952031,D0964459,D0964460,0.964608,0.911496
D0952031,D0964459,D0970605,0.964608,0.959447
D0952031,D0964459,D0970606,0.964608,0.772182
D0952031,D0964460,D0970605,0.872957,0.888971
D0952031,D0964460,D0970606,0.872957,0.673084
D0952031,D0970605,D0970606,0.975017,0.792499
D0952032,D0956137,D0958882,0.759142,0.820947
D0952032,D0956137,D0964459,0.759142,0.761087
D0952032,D0956137,D0964460,0.759142,0.685082
D0952032,D0956137,D0970605,0.759142,0.785127
D0952032,D0956137,D0970606,0.759142,0.931468
D0952032,D0958882,D0964459,0.892068,0.909735
D0952032,D0958882,D0964460,0.892068,0.855165
D0952032,D0958882,D0970605,0.892068,0.882822
D0952032,D0958882,D0970606,0.892068,0.823857
D0952032,D0964459,D0964460,0.932308,0.911496
D0952032,D0964459,D0970605,0.932308,0.959447
D0952032,D0964459,D0970606,0.932308,0.772182
D0952032,D0964460,D0970605,0.955812,0.888971
D0952032,D0964460,D0970606,0.955812,0.673084
D0952032,D0970605,D0970606,0.939619,0.792499
D0956137,D0958882,D0964459,0.820947,0.909735
D0956137,D0958882,D0964460,0.820947,0.855165
D0956137,D0958882,D0970605,0.820947,0.882822
D0956137,D0958882,D0970606,0.820947,0.823857
D0956137,D0964459,D0964460,0.761087,0.911496
D0956137,D0964459,D0970605,0.761087,0.959447
D0956137,D0964459,D0970606,0.761087,0.772182
D0956137,D0964460,D0970605,0.685082,0.888971
D0956137,D0964460,D0970606,0.685082,0.673084
D0956137,D0970605,D0970606,0.785127,0.792499
D0958882,D0964459,D0964460,0.909735,0.911496
D0958882,D0964459,D0970605,0.909735,0.959447
D0958882,D0964459,D0970606,0.909735,0.772182
D0958882,D0964460,D0970605,0.855165,0.888971
D0958882,D0964460,D0970606,0.855165,0.673084
D0958882,D0970605,D0970606,0.882822,0.792499
D0964459,D0964460,D0970605,0.911496,0.888971
D0964459,D0964460,D0970606,0.911496,0.673084
D0964459,D0970605,D0970606,0.959447,0.792499
D0964460,D0970605,D0970606,0.888971,0.792499
D0956136,D0957517,D0958236,0.77755,0.923277
D0946651,D0948606,D0956133,0.770524,0.804924
D0946651,D0948606,D0956861,0.770524,0.710788
D0946651,D0948606,D0973766,0.770524,0.755037
D0946651,D0956133,D0956861,0.828493,0.572239
D0946651,D0956133,D0973766,0.828493,0.601706
D0946651,D0956861,D0973766,0.63001,0.784654
D0943662,D0946651,D0948606,0.855654,0.770524
D0943662,D0946651,D0956133,0.855654,0.828493
D0943662,D0946651,D0956861,0.855654,0.63001
D0943662,D0946651,D0973766,0.855654,0.69288
D0943662,D0948606,D0956133,0.762685,0.804924
D0943662,D0948606,D0956861,0.762685,0.710788
D0943662,D0948606,D0973766,0.762685,0.755037
D0943662,D0956133,D0956861,0.95188,0.572239
D0943662,D0956133,D0973766,0.95188,0.601706
D0943662,D0956861,D0973766,0.522102,0.784654
D0948606,D0956133,D0956861,0.804924,0.572239
D0948606,D0956133,D0973766,0.804924,0.601706
D0948606,D0956861,D0973766,0.710788,0.784654
D0956133,D0956861,D0973766,0.572239,0.784654
