node_A,node_B,node_C
D0538335,D0549280,D0540855
D0549280,D0557334,D0556258
D0544907,D0558262,D0556253
D0537470,D0538843,D0538842
D0537470,D0539334,D0538842
D0537470,D0539334,D0538843
D0537470,D0539837,D0538842
D0537470,D0539837,D0538843
D0537470,D0539837,D0539334
D0537470,D0545886,D0538842
D0537470,D0545886,D0538843
D0537470,D0545886,D0539334
D0537470,D0545886,D0539837
D0537470,D0552669,D0538842
D0537470,D0552669,D0538843
D0537470,D0552669,D0539334
D0537470,D0552669,D0539837
D0537470,D0552669,D0545886
D0537470,D0552669,D0550277
D0538842,D0539334,D0538843
D0538842,D0539837,D0538843
D0538842,D0539837,D0539334
D0538842,D0545886,D0538843
D0538842,D0545886,D0539334
D0538842,D0545886,D0539837
D0538842,D0552669,D0538843
D0538842,D0552669,D0539334
D0538842,D0552669,D0539837
D0538842,D0552669,D0545886
D0538842,D0552669,D0550277
D0538843,D0539837,D0539334
D0538843,D0545886,D0539334
D0538843,D0545886,D0539837
D0538843,D0552669,D0539334
D0538843,D0552669,D0539837
D0538843,D0552669,D0545886
D0538843,D0552669,D0550277
D0539334,D0545886,D0539837
D0539334,D0552669,D0539837
D0539334,D0552669,D0545886
D0539334,D0552669,D0550277
D0539837,D0552669,D0545886
D0539837,D0552669,D0550277
D0545886,D0552669,D0550277
D0536374,D0549280,D0538335
D0536374,D0549280,D0540855
D0536374,D0556258,D0549280
D0536374,D0556258,D0540855
D0536374,D0557334,D0549280
D0536374,D0557334,D0540855
D0536374,D0557334,D0556258
D0540855,D0556258,D0549280
D0540855,D0557334,D0549280
D0540855,D0557334,D0556258
D0534579,D0552170,D0549771
D0534579,D0554698,D0549771
D0534579,D0554698,D0552170
D0534579,D0554698,D0537475
D0549771,D0554698,D0552170
D0536726,D0542834,D0542333
D0536726,D0543231,D0542333
D0536726,D0543231,D0542834
D0536726,D0545882,D0542333
D0536726,D0545882,D0542834
D0536726,D0545882,D0543231
D0542333,D0543231,D0542834
D0542333,D0545882,D0542834
D0542333,D0545882,D0543231
D0542834,D0545882,D0543231
D0544903,D0553669,D0547361
D0547361,D0554694,D0551699
D0551700,D0555195,D0555194
D0548272,D0555716,D0548273
D0548272,D0558257,D0548273
D0548272,D0558257,D0555716
D0548272,D0558257,D0557735
D0548272,D0557735,D0548273
D0548273,D0558257,D0555716
D0548273,D0558257,D0557735
D0555716,D0558257,D0557735
D0537114,D0558262,D0544907
D0537114,D0558262,D0556253
D0535324,D0552167,D0548278
D0535324,D0553184,D0548278
D0535324,D0553184,D0552167
D0548278,D0553184,D0552167
D0537477,D0547368,D0538338
D0537477,D0551286,D0538338
D0537477,D0551286,D0547368
D0538338,D0551286,D0547368
D0544525,D0550759,D0550278
D0537475,D0554698,D0549771
D0537475,D0554698,D0552170
D0559893,D0580485,D0569421
D0559893,D0580971,D0569421
D0559893,D0580971,D0580485
D0569421,D0580971,D0580485
D0575330,D0581976,D0579973
D0560711,D0582471,D0562377
D0574417,D0574419,D0574418
D0574417,D0574420,D0574418
D0574417,D0574420,D0574419
D0574417,D0574421,D0574418
D0574417,D0574421,D0574419
D0574417,D0574421,D0574420
D0574417,D0574422,D0574418
D0574417,D0574422,D0574419
D0574417,D0574422,D0574420
D0574417,D0574422,D0574421
D0574417,D0579481,D0574418
D0574417,D0579481,D0574419
D0574417,D0579481,D0574420
D0574417,D0579481,D0574421
D0574417,D0579481,D0574422
D0574417,D0579482,D0574418
D0574417,D0579482,D0574419
D0574417,D0579482,D0574420
D0574417,D0579482,D0574421
D0574417,D0579482,D0574422
D0574417,D0579482,D0579481
D0574418,D0574420,D0574419
D0574418,D0574421,D0574419
D0574418,D0574421,D0574420
D0574418,D0574422,D0574419
D0574418,D0574422,D0574420
D0574418,D0574422,D0574421
D0574418,D0579481,D0574419
D0574418,D0579481,D0574420
D0574418,D0579481,D0574421
D0574418,D0579481,D0574422
D0574418,D0579482,D0574419
D0574418,D0579482,D0574420
D0574418,D0579482,D0574421
D0574418,D0579482,D0574422
D0574418,D0579482,D0579481
D0574419,D0574421,D0574420
D0574419,D0574422,D0574420
D0574419,D0574422,D0574421
D0574419,D0579481,D0574420
D0574419,D0579481,D0574421
D0574419,D0579481,D0574422
D0574419,D0579482,D0574420
D0574419,D0579482,D0574421
D0574419,D0579482,D0574422
D0574419,D0579482,D0579481
D0574420,D0574422,D0574421
D0574420,D0579481,D0574421
D0574420,D0579481,D0574422
D0574420,D0579482,D0574421
D0574420,D0579482,D0574422
D0574420,D0579482,D0579481
D0574421,D0579481,D0574422
D0574421,D0579482,D0574422
D0574421,D0579482,D0579481
D0574422,D0579482,D0579481
D0573180,D0581975,D0581457
D0585483,D0596663,D0588190
D0586850,D0595767,D0587748
D0586850,D0595767,D0591340
D0586850,D0595767,D0592241
D0591335,D0602074,D0602073
D0591335,D0602518,D0602073
D0591335,D0602518,D0602074
D0591335,D0604763,D0602073
D0591335,D0604763,D0602074
D0591335,D0604763,D0602518
D0602073,D0602518,D0602074
D0602073,D0604763,D0602074
D0602073,D0604763,D0602518
D0602074,D0604763,D0602518
D0587296,D0598045,D0594055
D0595345,D0597131,D0595346
D0586849,D0591340,D0587748
D0586849,D0592241,D0587748
D0586849,D0592241,D0591340
D0586849,D0592241,D0591791
D0586849,D0595767,D0586850
D0586849,D0595767,D0587748
D0586849,D0595767,D0591340
D0586849,D0595767,D0592241
D0587748,D0592241,D0591340
D0587748,D0592241,D0591791
D0587748,D0595767,D0591340
D0587748,D0595767,D0592241
D0591340,D0592241,D0591791
D0591340,D0595767,D0592241
D0585090,D0591792,D0586849
D0608822,D0616019,D0611530
D0609270,D0616926,D0616925
D0609270,D0616926,D0611525
D0609270,D0616926,D0615122
D0609270,D0616926,D0615123
D0609270,D0616926,D0616924
D0611525,D0615123,D0615122
D0611525,D0616924,D0615122
D0611525,D0616924,D0615123
D0611525,D0616925,D0615122
D0611525,D0616925,D0615123
D0611525,D0616925,D0616924
D0611525,D0616926,D0616925
D0611525,D0616926,D0615122
D0611525,D0616926,D0615123
D0611525,D0616926,D0616924
D0611525,D0618275,D0616490
D0615122,D0616924,D0615123
D0615122,D0616925,D0615123
D0615122,D0616925,D0616924
D0615122,D0616926,D0616925
D0615122,D0616926,D0615123
D0615122,D0616926,D0616924
D0615123,D0616925,D0616924
D0615123,D0616926,D0616925
D0615123,D0616926,D0616924
D0616924,D0616926,D0616925
D0614695,D0629041,D0626589
D0613331,D0626589,D0614695
D0612415,D0613331,D0612417
D0614687,D0615583,D0615120
D0614687,D0617830,D0615583
D0644683,D0648776,D0647558
D0644683,D0648777,D0647558
D0644683,D0648777,D0648776
D0644683,D0648778,D0647558
D0644683,D0648778,D0648776
D0644683,D0648778,D0648777
D0644683,D0648779,D0647558
D0644683,D0648779,D0648776
D0644683,D0648779,D0648777
D0644683,D0648779,D0648778
D0647558,D0648777,D0648776
D0647558,D0648778,D0648776
D0647558,D0648778,D0648777
D0647558,D0648779,D0648776
D0647558,D0648779,D0648777
D0647558,D0648779,D0648778
D0648776,D0648778,D0648777
D0648776,D0648779,D0648777
D0648776,D0648779,D0648778
D0648777,D0648779,D0648778
D0631504,D0639847,D0631505
D0631504,D0639847,D0633557
D0631504,D0650834,D0631505
D0631504,D0650834,D0639847
D0631505,D0639847,D0633557
D0631505,D0650834,D0639847
D0640737,D0650417,D0648783
D0630243,D0636435,D0630244
D0630243,D0636436,D0630244
D0630243,D0636436,D0636435
D0630243,D0636813,D0630244
D0630243,D0636813,D0636435
D0630243,D0636813,D0636436
D0630244,D0636436,D0636435
D0630244,D0636813,D0636435
D0630244,D0636813,D0636436
D0636435,D0636813,D0636436
D0647952,D0648375,D0647953
D0631088,D0631090,D0631089
D0661728,D0671593,D0670327
D0653702,D0656181,D0655748
D0664192,D0667051,D0665016
D0664192,D0667051,D0665840
D0665016,D0667051,D0665840
D0665014,D0665016,D0665015
D0665014,D0667050,D0665016
D0665014,D0667050,D0665015
D0665015,D0667050,D0665016
D0656184,D0656540,D0656185
D0656184,D0656540,D0656186
D0656184,D0666240,D0656185
D0656184,D0666240,D0656540
D0656184,D0656186,D0656185
D0656185,D0656540,D0656186
D0656185,D0666240,D0656540
D0656540,D0667493,D0667492
D0655332,D0656186,D0656184
D0655332,D0656186,D0656185
D0655332,D0656540,D0656184
D0655332,D0656540,D0656185
D0655332,D0656540,D0656186
D0652862,D0668289,D0666665
D0653703,D0665012,D0653704
D0653703,D0665012,D0664591
D0653704,D0665012,D0664591
D0659751,D0661344,D0659752
D0659751,D0662542,D0659752
D0659751,D0662542,D0661344
D0659752,D0662542,D0661344
D0661727,D0669525,D0663765
D0661727,D0671164,D0663765
D0661727,D0671164,D0669525
D0663765,D0671164,D0669525
D0652444,D0669525,D0661727
D0652444,D0669525,D0663765
D0652444,D0671164,D0661727
D0652444,D0671164,D0663765
D0652444,D0671164,D0669525
D0677722,D0678405,D0678404
D0677722,D0678408,D0678404
D0677722,D0678408,D0678405
D0677722,D0682929,D0678404
D0677722,D0682929,D0678405
D0677722,D0682929,D0678408
D0677722,D0682929,D0681728
D0677722,D0682930,D0678404
D0677722,D0682930,D0678405
D0677722,D0682930,D0678408
D0677722,D0682930,D0682929
D0677722,D0695823,D0678404
D0677722,D0695823,D0678405
D0677722,D0695823,D0678408
D0677722,D0695823,D0682929
D0677722,D0695823,D0682930
D0678404,D0678408,D0678405
D0678404,D0682929,D0678405
D0678404,D0682929,D0678408
D0678404,D0682929,D0681728
D0678404,D0682930,D0678405
D0678404,D0682930,D0678408
D0678404,D0682930,D0682929
D0678404,D0695823,D0678405
D0678404,D0695823,D0678408
D0678404,D0695823,D0682929
D0678404,D0695823,D0682930
D0678405,D0682929,D0678408
D0678405,D0682929,D0681728
D0678405,D0682930,D0678408
D0678405,D0682930,D0682929
D0678405,D0695823,D0678408
D0678405,D0695823,D0682929
D0678405,D0695823,D0682930
D0678408,D0682929,D0681728
D0678408,D0682930,D0682929
D0678408,D0695823,D0682929
D0678408,D0695823,D0682930
D0682929,D0695823,D0682930
D0679750,D0694816,D0694815
D0689130,D0689132,D0689131
D0689130,D0689133,D0689131
D0689130,D0689133,D0689132
D0689131,D0689133,D0689132
D0676481,D0679745,D0676900
D0676481,D0679745,D0677714
D0676481,D0681717,D0679745
D0676481,D0681717,D0676900
D0676481,D0681717,D0677714
D0679745,D0689921,D0681717
D0685416,D0695339,D0692477
D0685416,D0695339,D0687089
D0679319,D0686657,D0686655
D0679319,D0688740,D0686657
D0679319,D0694813,D0686657
D0679319,D0694813,D0688740
D0679319,D0694813,D0694812
D0679319,D0694813,D0690764
D0679319,D0694813,D0679320
D0679319,D0688739,D0686657
D0679319,D0688739,D0686655
D0679319,D0694812,D0686657
D0679319,D0694812,D0688740
D0679319,D0694812,D0686655
D0679319,D0694812,D0688739
D0679319,D0694812,D0690764
D0679319,D0694812,D0679748
D0679319,D0695337,D0686657
D0679319,D0695337,D0688740
D0679319,D0695337,D0694813
D0679319,D0695337,D0686655
D0679319,D0695337,D0688739
D0679319,D0695337,D0694812
D0679319,D0695337,D0690764
D0686657,D0694813,D0688740
D0686657,D0694813,D0694812
D0686657,D0694813,D0690764
D0686657,D0694812,D0688740
D0686657,D0694812,D0688739
D0686657,D0694812,D0690764
D0686657,D0695337,D0688740
D0686657,D0695337,D0694813
D0686657,D0695337,D0688739
D0686657,D0695337,D0694812
D0686657,D0695337,D0690764
D0686657,D0690764,D0688740
D0686657,D0690764,D0688739
D0688740,D0694813,D0694812
D0688740,D0694813,D0690764
D0688740,D0694812,D0690764
D0688740,D0695337,D0694813
D0688740,D0695337,D0694812
D0688740,D0695337,D0690764
D0678396,D0686655,D0679319
D0678396,D0686657,D0679319
D0678396,D0686657,D0686655
D0678396,D0688739,D0679319
D0678396,D0688739,D0686657
D0678396,D0688739,D0686655
D0678396,D0694812,D0679319
D0678396,D0694812,D0686657
D0678396,D0694812,D0688740
D0678396,D0694812,D0686655
D0678396,D0694812,D0688739
D0678396,D0694812,D0690764
D0678396,D0694812,D0679748
D0678396,D0695337,D0679319
D0678396,D0695337,D0686657
D0678396,D0695337,D0688740
D0678396,D0695337,D0694813
D0678396,D0695337,D0686655
D0678396,D0695337,D0688739
D0678396,D0695337,D0694812
D0678396,D0695337,D0690764
D0678396,D0688740,D0679319
D0678396,D0688740,D0686657
D0678396,D0690764,D0686657
D0678396,D0690764,D0688740
D0678396,D0690764,D0688739
D0678396,D0694813,D0679319
D0678396,D0694813,D0686657
D0678396,D0694813,D0688740
D0678396,D0694813,D0694812
D0678396,D0694813,D0690764
D0678396,D0694813,D0679320
D0686655,D0688739,D0686657
D0686655,D0694812,D0686657
D0686655,D0694812,D0688740
D0686655,D0694812,D0688739
D0686655,D0694812,D0690764
D0686655,D0695337,D0686657
D0686655,D0695337,D0688740
D0686655,D0695337,D0694813
D0686655,D0695337,D0688739
D0686655,D0695337,D0694812
D0686655,D0695337,D0690764
D0688739,D0694812,D0688740
D0688739,D0694812,D0690764
D0688739,D0695337,D0688740
D0688739,D0695337,D0694813
D0688739,D0695337,D0694812
D0688739,D0695337,D0690764
D0688739,D0690764,D0688740
D0694812,D0695337,D0694813
D0686654,D0689126,D0687484
D0686654,D0690349,D0687484
D0686654,D0690349,D0689126
D0687484,D0690349,D0689126
D0677717,D0688740,D0679319
D0677717,D0688740,D0686657
D0677717,D0688740,D0678396
D0677717,D0690764,D0686657
D0677717,D0690764,D0688740
D0677717,D0690764,D0678396
D0677717,D0690764,D0688739
D0677717,D0694812,D0679319
D0677717,D0694812,D0686657
D0677717,D0694812,D0688740
D0677717,D0694812,D0678396
D0677717,D0694812,D0686655
D0677717,D0694812,D0688739
D0677717,D0694812,D0690764
D0677717,D0694812,D0679748
D0677717,D0694813,D0679319
D0677717,D0694813,D0686657
D0677717,D0694813,D0688740
D0677717,D0694813,D0678396
D0677717,D0694813,D0694812
D0677717,D0694813,D0690764
D0677717,D0694813,D0679320
D0677717,D0695337,D0679319
D0677717,D0695337,D0686657
D0677717,D0695337,D0688740
D0677717,D0695337,D0694813
D0677717,D0695337,D0678396
D0677717,D0695337,D0686655
D0677717,D0695337,D0688739
D0677717,D0695337,D0694812
D0677717,D0695337,D0690764
D0677717,D0686657,D0679319
D0677717,D0686657,D0678396
D0677717,D0686657,D0686655
D0690764,D0694813,D0694812
D0690764,D0695337,D0694813
D0690764,D0695337,D0694812
D0674005,D0693400,D0674007
D0674005,D0695338,D0674007
D0674005,D0695338,D0693400
D0674005,D0695820,D0674007
D0674005,D0695820,D0693400
D0674005,D0695820,D0695338
D0674007,D0695338,D0693400
D0674007,D0695820,D0693400
D0674007,D0695820,D0695338
D0693400,D0695820,D0695338
D0676900,D0679745,D0677714
D0676900,D0681717,D0679745
D0676900,D0681717,D0677714
D0676900,D0689921,D0679745
D0676900,D0689921,D0681717
D0676900,D0689921,D0677714
D0677714,D0681717,D0679745
D0677714,D0689921,D0679745
D0677714,D0689921,D0681717
D0681107,D0694316,D0689543
D0681107,D0689543,D0681726
D0676081,D0687485,D0678937
D0676081,D0689541,D0678937
D0676081,D0689541,D0687485
D0676081,D0692476,D0678937
D0676081,D0692476,D0687485
D0676081,D0692476,D0689541
D0678937,D0689541,D0687485
D0678937,D0692476,D0687485
D0678937,D0692476,D0689541
D0687485,D0692476,D0689541
D0692944,D0693399,D0692945
D0677721,D0682929,D0677722
D0677721,D0682929,D0678404
D0677721,D0682929,D0678405
D0677721,D0682929,D0678408
D0677721,D0682929,D0681728
D0677721,D0692052,D0682929
D0677721,D0692052,D0681728
D0681728,D0692052,D0682929
D0679320,D0694813,D0686657
D0679320,D0694813,D0688740
D0679320,D0694813,D0694812
D0679320,D0694813,D0690764
D0679748,D0694812,D0686657
D0679748,D0694812,D0688740
D0679748,D0694812,D0686655
D0679748,D0694812,D0688739
D0679748,D0694812,D0690764
D0673603,D0689543,D0681107
D0673603,D0689543,D0680162
D0673603,D0689543,D0678403
D0673603,D0689543,D0680163
D0673603,D0689543,D0681726
D0673603,D0694316,D0681107
D0673603,D0694316,D0689543
D0673603,D0694318,D0689543
D0673603,D0694318,D0694316
D0673603,D0694318,D0678403
D0689543,D0694318,D0694316
D0685415,D0694319,D0694317
D0680161,D0681108,D0680162
D0680161,D0681108,D0680163
D0680162,D0681108,D0680163
D0680162,D0681107,D0680163
D0680162,D0681726,D0681107
D0680162,D0681726,D0680163
D0680162,D0689543,D0681107
D0680162,D0689543,D0680163
D0680162,D0689543,D0681726
D0680162,D0681721,D0680581
D0680162,D0686659,D0680163
D0678403,D0680162,D0680161
D0678403,D0680163,D0680162
D0678403,D0681107,D0680162
D0678403,D0681107,D0680163
D0678403,D0681726,D0681107
D0678403,D0681726,D0680162
D0678403,D0681726,D0680163
D0678403,D0689543,D0681107
D0678403,D0689543,D0680162
D0678403,D0689543,D0680163
D0678403,D0689543,D0681726
D0678403,D0694318,D0689543
D0678403,D0694318,D0694316
D0680163,D0681726,D0681107
D0680163,D0689543,D0681107
D0680163,D0689543,D0681726
D0675674,D0682348,D0675675
D0680581,D0695339,D0685416
D0680581,D0695339,D0685414
D0680581,D0695339,D0692477
D0680581,D0695339,D0687089
D0685414,D0695339,D0685416
D0685414,D0695339,D0692477
D0685414,D0695339,D0687089
D0677720,D0685415,D0681719
D0687089,D0695339,D0692477
D0698388,D0698858,D0698857
D0705346,D0711460,D0706337
D0705346,D0716370,D0706337
D0705346,D0716370,D0711460
D0705346,D0716372,D0716370
D0705346,D0716372,D0706337
D0705346,D0716372,D0711460
D0705346,D0716371,D0716370
D0705346,D0716371,D0706337
D0706337,D0716370,D0711460
D0706337,D0716372,D0716370
D0706337,D0716372,D0711460
D0706337,D0716371,D0716370
D0711460,D0716372,D0716370
D0711460,D0720000,D0713447
D0707290,D0712464,D0712458
D0699785,D0712464,D0707290
D0699785,D0712464,D0712458
D0697966,D0698389,D0697967
D0697966,D0702760,D0697967
D0697966,D0702760,D0698389
D0697966,D0718383,D0697967
D0697966,D0718383,D0698389
D0697966,D0718383,D0702760
D0697966,D0718383,D0715853
D0697967,D0702760,D0698389
D0697967,D0718383,D0698389
D0697967,D0718383,D0702760
D0697967,D0718383,D0715853
D0698389,D0718383,D0702760
D0698389,D0718383,D0715853
D0702760,D0718383,D0715853
D0697131,D0715355,D0714863
D0705347,D0705855,D0705853
D0705347,D0705856,D0705853
D0705347,D0705856,D0705855
D0705853,D0705856,D0705855
D0701898,D0706341,D0703264
D0701561,D0703264,D0701898
D0701561,D0706341,D0701898
D0701561,D0706341,D0703264
D0707288,D0713447,D0711460
D0707288,D0720000,D0711460
D0707288,D0720000,D0713447
D0700650,D0703264,D0701898
D0700650,D0703264,D0701561
D0697549,D0707752,D0707751
D0697550,D0701563,D0697965
D0697550,D0701563,D0697964
D0697964,D0701563,D0697965
D0711462,D0718382,D0712459
D0724141,D0734814,D0733217
D0724141,D0734814,D0725184
D0724141,D0740359,D0734814
D0724141,D0740359,D0725184
D0725184,D0734814,D0733217
D0725184,D0740359,D0734814
D0725184,D0727413,D0726249
D0725184,D0727414,D0726249
D0725184,D0727414,D0727413
D0725184,D0727415,D0726249
D0725184,D0727415,D0727413
D0725184,D0727415,D0727414
D0725184,D0741945,D0726249
D0725184,D0741945,D0727413
D0725184,D0741945,D0727414
D0725184,D0741945,D0727415
D0722108,D0734814,D0733217
D0722108,D0734814,D0724141
D0722108,D0734814,D0725184
D0722339,D0725184,D0724141
D0722339,D0726249,D0725184
D0722339,D0726249,D0724142
D0722339,D0727413,D0725184
D0722339,D0727413,D0726249
D0722339,D0727414,D0725184
D0722339,D0727414,D0726249
D0722339,D0727414,D0727413
D0722339,D0727415,D0725184
D0722339,D0727415,D0726249
D0722339,D0727415,D0727413
D0722339,D0727415,D0727414
D0722339,D0727415,D0724140
D0722339,D0741945,D0725184
D0722339,D0741945,D0726249
D0722339,D0741945,D0727413
D0722339,D0741945,D0727414
D0722339,D0741945,D0727415
D0726249,D0727414,D0727413
D0726249,D0727415,D0727413
D0726249,D0727415,D0727414
D0726249,D0741945,D0727413
D0726249,D0741945,D0727414
D0726249,D0741945,D0727415
D0726249,D0726251,D0726250
D0726249,D0742960,D0726251
D0726249,D0742960,D0726250
D0727413,D0727415,D0727414
D0727413,D0741945,D0727414
D0727413,D0741945,D0727415
D0727414,D0741945,D0727415
D0727409,D0727417,D0727410
D0727409,D0742450,D0727410
D0727409,D0742450,D0727417
D0727410,D0742450,D0727417
D0724140,D0727415,D0725184
D0724140,D0727415,D0726249
D0724140,D0727415,D0727413
D0724140,D0727415,D0727414
D0724140,D0727416,D0727415
D0730437,D0737895,D0732108
D0730437,D0744028,D0737895
D0724142,D0726251,D0726249
D0724142,D0726251,D0726250
D0724142,D0726249,D0725184
D0724142,D0726250,D0726249
D0724142,D0742960,D0726249
D0724142,D0742960,D0726251
D0724142,D0742960,D0726250
D0725180,D0728675,D0725181
D0726250,D0742960,D0726251
D0720803,D0730437,D0722109
D0720803,D0737895,D0732108
D0720803,D0737895,D0730437
D0720803,D0737895,D0722109
D0720803,D0744028,D0730437
D0720803,D0744028,D0737895
D0720803,D0744028,D0722109
D0722109,D0737895,D0732108
D0722109,D0737895,D0730437
D0722109,D0744028,D0730437
D0722109,D0744028,D0737895
D0745087,D0745601,D0745600
D0759748,D0762766,D0762258
D0759748,D0768766,D0762766
D0759748,D0768767,D0762766
D0759748,D0768767,D0768766
D0759748,D0763346,D0762258
D0759748,D0771180,D0762258
D0759748,D0771180,D0763346
D0759748,D0772335,D0771180
D0759748,D0772335,D0763346
D0759748,D0772335,D0761899
D0759748,D0772335,D0761350
D0759748,D0771181,D0762766
D0762258,D0771180,D0763346
D0762258,D0773554,D0771180
D0762258,D0773554,D0763346
D0762766,D0768767,D0768766
D0762766,D0765767,D0763956
D0763346,D0773554,D0771180
D0763346,D0772335,D0771180
D0750164,D0772977,D0755889
D0750164,D0772977,D0763958
D0750164,D0772977,D0765772
D0750164,D0772977,D0769965
D0750164,D0772977,D0771183
D0750164,D0765772,D0755889
D0750164,D0765772,D0763958
D0755889,D0765772,D0763958
D0755889,D0769965,D0763958
D0755889,D0769965,D0765772
D0755889,D0769965,D0758486
D0755889,D0771183,D0763958
D0755889,D0771183,D0765772
D0755889,D0771183,D0769965
D0755889,D0772977,D0763958
D0755889,D0772977,D0765772
D0755889,D0772977,D0769965
D0755889,D0772977,D0771183
D0763958,D0769965,D0765772
D0763958,D0771183,D0765772
D0763958,D0771183,D0769965
D0763958,D0772977,D0765772
D0763958,D0772977,D0769965
D0763958,D0772977,D0771183
D0765772,D0771183,D0769965
D0765772,D0772977,D0769965
D0765772,D0772977,D0771183
D0769965,D0772977,D0771183
D0755286,D0767676,D0758486
D0755286,D0769968,D0758486
D0755286,D0769968,D0767676
D0758486,D0769968,D0767676
D0758486,D0769965,D0763958
D0758486,D0769965,D0765772
D0750165,D0763957,D0757170
D0763957,D0771182,D0765166
D0763957,D0771182,D0768768
D0763957,D0771182,D0765773
D0763957,D0771182,D0767671
D0763957,D0775275,D0765166
D0763957,D0775275,D0766359
D0763957,D0775275,D0768768
D0763957,D0775275,D0771182
D0763957,D0775275,D0765773
D0763957,D0775275,D0767671
D0749169,D0750164,D0749172
D0747763,D0772335,D0759748
D0747763,D0772335,D0771180
D0747763,D0772335,D0763346
D0747763,D0772335,D0761899
D0747763,D0772335,D0761350
D0755284,D0758486,D0755286
D0755284,D0769965,D0755889
D0755284,D0769965,D0763958
D0755284,D0769965,D0765772
D0755284,D0769965,D0758486
D0751635,D0757165,D0754787
D0751635,D0757165,D0757164
D0751635,D0757164,D0754787
D0751635,D0760835,D0760834
D0751635,D0766359,D0765166
D0751635,D0766359,D0760835
D0754787,D0757165,D0757164
D0751636,D0758481,D0757848
D0751636,D0758481,D0752137
D0751636,D0765773,D0757848
D0751636,D0765773,D0758481
D0751636,D0767671,D0766359
D0751636,D0767671,D0757848
D0751636,D0767671,D0758481
D0751636,D0767671,D0765773
D0751636,D0767671,D0752139
D0751636,D0767671,D0758483
D0751636,D0767671,D0766360
D0751636,D0768768,D0765166
D0751636,D0768768,D0766359
D0751636,D0768768,D0757848
D0751636,D0768768,D0758481
D0751636,D0768768,D0765773
D0751636,D0768768,D0767671
D0751636,D0771182,D0763957
D0751636,D0771182,D0765166
D0751636,D0771182,D0768768
D0751636,D0771182,D0757848
D0751636,D0771182,D0758481
D0751636,D0771182,D0765773
D0751636,D0771182,D0767671
D0751636,D0775275,D0763957
D0751636,D0775275,D0765166
D0751636,D0775275,D0766359
D0751636,D0775275,D0768768
D0751636,D0775275,D0771182
D0751636,D0775275,D0757848
D0751636,D0775275,D0758481
D0751636,D0775275,D0765773
D0751636,D0775275,D0767671
D0765166,D0775275,D0766359
D0765166,D0775275,D0768768
D0765166,D0775275,D0771182
D0765166,D0775275,D0765773
D0765166,D0775275,D0767671
D0765166,D0768768,D0766359
D0765166,D0768768,D0765773
D0765166,D0768768,D0767671
D0765166,D0771182,D0768768
D0765166,D0771182,D0765773
D0765166,D0771182,D0767671
D0750162,D0765166,D0751636
D0750162,D0775275,D0763957
D0750162,D0775275,D0751636
D0750162,D0775275,D0765166
D0750162,D0775275,D0766359
D0750162,D0775275,D0768768
D0750162,D0775275,D0771182
D0750162,D0775275,D0757848
D0750162,D0775275,D0758481
D0750162,D0775275,D0765773
D0750162,D0775275,D0767671
D0750162,D0761902,D0753217
D0750162,D0758481,D0751636
D0750162,D0758481,D0757848
D0750162,D0758481,D0752137
D0766359,D0768768,D0767671
D0766359,D0775275,D0768768
D0766359,D0775275,D0771182
D0766359,D0775275,D0767671
D0766359,D0767671,D0766360
D0768768,D0775275,D0771182
D0761353,D0762770,D0761906
D0761353,D0771184,D0761906
D0761353,D0771184,D0762770
D0761353,D0762261,D0762260
D0761353,D0767672,D0762260
D0761353,D0767672,D0762261
D0761353,D0767673,D0762260
D0761353,D0767673,D0762261
D0761353,D0767673,D0767672
D0761353,D0767674,D0762260
D0761353,D0767674,D0762261
D0761353,D0767674,D0767672
D0761353,D0767674,D0767673
D0761906,D0771184,D0762770
D0746902,D0757162,D0750163
D0746902,D0761899,D0761350
D0746902,D0772335,D0759748
D0746902,D0772335,D0771180
D0746902,D0772335,D0763346
D0746902,D0772335,D0747763
D0746902,D0772335,D0761899
D0746902,D0772335,D0761350
D0746902,D0761350,D0759748
D0752135,D0769965,D0755889
D0752135,D0769965,D0763958
D0752135,D0769965,D0765772
D0752135,D0769965,D0758486
D0752135,D0769965,D0755284
D0759154,D0762260,D0761353
D0759154,D0762261,D0761353
D0759154,D0762261,D0762260
D0759154,D0767672,D0761353
D0759154,D0767672,D0762260
D0759154,D0767672,D0762261
D0759154,D0767673,D0761353
D0759154,D0767673,D0762260
D0759154,D0767673,D0762261
D0759154,D0767673,D0767672
D0759154,D0767674,D0761353
D0759154,D0767674,D0762260
D0759154,D0767674,D0762261
D0759154,D0767674,D0767672
D0759154,D0767674,D0767673
D0759154,D0759156,D0759155
D0759154,D0759157,D0759155
D0759154,D0759157,D0759156
D0762260,D0767672,D0762261
D0762260,D0767673,D0762261
D0762260,D0767673,D0767672
D0762260,D0767674,D0762261
D0762260,D0767674,D0767672
D0762260,D0767674,D0767673
D0762261,D0767673,D0767672
D0762261,D0767674,D0767672
D0762261,D0767674,D0767673
D0767672,D0767674,D0767673
D0757848,D0765773,D0758481
D0757848,D0767671,D0766359
D0757848,D0767671,D0758481
D0757848,D0767671,D0765773
D0757848,D0767671,D0758483
D0757848,D0767671,D0766360
D0757848,D0768768,D0765166
D0757848,D0768768,D0766359
D0757848,D0768768,D0758481
D0757848,D0768768,D0765773
D0757848,D0768768,D0767671
D0757848,D0771182,D0763957
D0757848,D0771182,D0765166
D0757848,D0771182,D0768768
D0757848,D0771182,D0758481
D0757848,D0771182,D0765773
D0757848,D0771182,D0767671
D0757848,D0775275,D0763957
D0757848,D0775275,D0765166
D0757848,D0775275,D0766359
D0757848,D0775275,D0768768
D0757848,D0775275,D0771182
D0757848,D0775275,D0758481
D0757848,D0775275,D0765773
D0757848,D0775275,D0767671
D0758481,D0767671,D0766359
D0758481,D0767671,D0765773
D0758481,D0767671,D0758483
D0758481,D0767671,D0766360
D0758481,D0768768,D0765166
D0758481,D0768768,D0766359
D0758481,D0768768,D0765773
D0758481,D0768768,D0767671
D0758481,D0771182,D0763957
D0758481,D0771182,D0765166
D0758481,D0771182,D0768768
D0758481,D0771182,D0765773
D0758481,D0771182,D0767671
D0758481,D0775275,D0763957
D0758481,D0775275,D0765166
D0758481,D0775275,D0766359
D0758481,D0775275,D0768768
D0758481,D0775275,D0771182
D0758481,D0775275,D0765773
D0758481,D0775275,D0767671
D0765773,D0767671,D0766359
D0765773,D0767671,D0766360
D0765773,D0768768,D0766359
D0765773,D0768768,D0767671
D0765773,D0771182,D0768768
D0765773,D0771182,D0767671
D0765773,D0775275,D0766359
D0765773,D0775275,D0768768
D0765773,D0775275,D0771182
D0765773,D0775275,D0767671
D0767671,D0771182,D0768768
D0767671,D0775275,D0768768
D0767671,D0775275,D0771182
D0747766,D0764575,D0751637
D0752139,D0767671,D0766359
D0752139,D0767671,D0757848
D0752139,D0767671,D0758481
D0752139,D0767671,D0765773
D0752139,D0767671,D0758483
D0752139,D0767671,D0766360
D0758483,D0767671,D0766359
D0758483,D0767671,D0765773
D0758483,D0767671,D0766360
D0761899,D0772335,D0771180
D0761899,D0772335,D0763346
D0761350,D0772335,D0771180
D0761350,D0772335,D0763346
D0761350,D0772335,D0761899
D0752136,D0765164,D0754248
D0752136,D0765164,D0755283
D0752137,D0758481,D0757848
D0759155,D0759157,D0759156
D0754248,D0765164,D0755283
D0750701,D0752135,D0752134
D0760835,D0766359,D0765166
D0747764,D0760834,D0758481
D0747764,D0760835,D0751635
D0747764,D0760835,D0760834
D0786968,D0789446,D0788213
D0786968,D0790004,D0788213
D0786968,D0790004,D0789446
D0786968,D0791224,D0788213
D0786968,D0791224,D0789446
D0786968,D0791224,D0790004
D0786968,D0791862,D0788213
D0786968,D0791862,D0789446
D0786968,D0791862,D0790004
D0786968,D0791862,D0791224
D0786968,D0796573,D0788213
D0786968,D0796573,D0789446
D0786968,D0796573,D0790004
D0786968,D0796573,D0791224
D0786968,D0796573,D0791862
D0786968,D0798948,D0788213
D0786968,D0798948,D0789446
D0786968,D0798948,D0790004
D0786968,D0798948,D0791224
D0786968,D0798948,D0791862
D0786968,D0798948,D0796573
D0786968,D0798948,D0790005
D0786968,D0798948,D0791865
D0786968,D0798949,D0788213
D0786968,D0798949,D0789446
D0786968,D0798949,D0790004
D0786968,D0798949,D0791224
D0786968,D0798949,D0791862
D0786968,D0798949,D0796573
D0786968,D0798949,D0798948
D0786968,D0798949,D0790005
D0786968,D0798949,D0791865
D0788213,D0790004,D0789446
D0788213,D0791224,D0789446
D0788213,D0791224,D0790004
D0788213,D0791862,D0789446
D0788213,D0791862,D0790004
D0788213,D0791862,D0791224
D0788213,D0796573,D0789446
D0788213,D0796573,D0790004
D0788213,D0796573,D0791224
D0788213,D0796573,D0791862
D0788213,D0798948,D0789446
D0788213,D0798948,D0790004
D0788213,D0798948,D0791224
D0788213,D0798948,D0791862
D0788213,D0798948,D0796573
D0788213,D0798948,D0790005
D0788213,D0798948,D0791865
D0788213,D0798949,D0789446
D0788213,D0798949,D0790004
D0788213,D0798949,D0791224
D0788213,D0798949,D0791862
D0788213,D0798949,D0796573
D0788213,D0798949,D0798948
D0788213,D0798949,D0790005
D0788213,D0798949,D0791865
D0788213,D0790005,D0790004
D0789446,D0791224,D0790004
D0789446,D0791862,D0790004
D0789446,D0791862,D0791224
D0789446,D0796573,D0790004
D0789446,D0796573,D0791224
D0789446,D0796573,D0791862
D0789446,D0798948,D0790004
D0789446,D0798948,D0791224
D0789446,D0798948,D0791862
D0789446,D0798948,D0796573
D0789446,D0798948,D0790005
D0789446,D0798948,D0791865
D0789446,D0798949,D0790004
D0789446,D0798949,D0791224
D0789446,D0798949,D0791862
D0789446,D0798949,D0796573
D0789446,D0798949,D0798948
D0789446,D0798949,D0790005
D0789446,D0798949,D0791865
D0790004,D0791862,D0791224
D0790004,D0796573,D0791224
D0790004,D0796573,D0791862
D0790004,D0798948,D0791224
D0790004,D0798948,D0791862
D0790004,D0798948,D0796573
D0790004,D0798948,D0790005
D0790004,D0798948,D0791865
D0790004,D0798949,D0791224
D0790004,D0798949,D0791862
D0790004,D0798949,D0796573
D0790004,D0798949,D0798948
D0790004,D0798949,D0790005
D0790004,D0798949,D0791865
D0791224,D0796573,D0791862
D0791224,D0798948,D0791862
D0791224,D0798948,D0796573
D0791224,D0798948,D0791865
D0791224,D0798949,D0791862
D0791224,D0798949,D0796573
D0791224,D0798949,D0798948
D0791224,D0798949,D0791865
D0791862,D0798948,D0796573
D0791862,D0798948,D0791865
D0791862,D0798949,D0796573
D0791862,D0798949,D0798948
D0791862,D0798949,D0791865
D0796573,D0798949,D0798948
D0790005,D0798948,D0791224
D0790005,D0798948,D0791862
D0790005,D0798948,D0796573
D0790005,D0798948,D0791865
D0790005,D0798949,D0791224
D0790005,D0798949,D0791862
D0790005,D0798949,D0796573
D0790005,D0798949,D0798948
D0790005,D0798949,D0791865
D0799594,D0803310,D0802659
D0799594,D0803310,D0800214
D0799594,D0803310,D0800216
D0777833,D0780841,D0780840
D0777833,D0791867,D0780840
D0777833,D0791867,D0780841
D0777833,D0800214,D0780840
D0777833,D0800214,D0780841
D0777833,D0800214,D0791867
D0777833,D0800216,D0780840
D0777833,D0800216,D0780841
D0777833,D0800216,D0791867
D0777833,D0800216,D0800214
D0777833,D0803310,D0799594
D0777833,D0803310,D0802659
D0777833,D0803310,D0780840
D0777833,D0803310,D0780841
D0777833,D0803310,D0791867
D0777833,D0803310,D0800214
D0777833,D0803310,D0800216
D0780840,D0791867,D0780841
D0780840,D0800214,D0780841
D0780840,D0800214,D0791867
D0780840,D0800216,D0780841
D0780840,D0800216,D0791867
D0780840,D0800216,D0800214
D0780840,D0803310,D0799594
D0780840,D0803310,D0802659
D0780840,D0803310,D0780841
D0780840,D0803310,D0791867
D0780840,D0803310,D0800214
D0780840,D0803310,D0800216
D0780841,D0800214,D0791867
D0780841,D0800216,D0791867
D0780841,D0800216,D0800214
D0780841,D0803310,D0799594
D0780841,D0803310,D0802659
D0780841,D0803310,D0791867
D0780841,D0803310,D0800214
D0780841,D0803310,D0800216
D0791867,D0800216,D0800214
D0791867,D0803310,D0799594
D0791867,D0803310,D0802659
D0791867,D0803310,D0800214
D0791867,D0803310,D0800216
D0800214,D0803310,D0802659
D0800214,D0803310,D0800216
D0800216,D0803310,D0802659
D0799590,D0800211,D0800210
D0781955,D0800210,D0799590
D0781955,D0788843,D0785085
D0781955,D0792923,D0788843
D0781955,D0792923,D0786971
D0792923,D0795954,D0795953
D0783714,D0787586,D0785087
D0783714,D0787587,D0787586
D0783714,D0787590,D0787586
D0783714,D0787590,D0787587
D0783714,D0788844,D0787586
D0783714,D0788844,D0787587
D0783714,D0788844,D0787590
D0783714,D0791230,D0787586
D0783714,D0791230,D0787587
D0783714,D0791230,D0787590
D0783714,D0791230,D0788844
D0787586,D0787590,D0787587
D0787586,D0788844,D0787587
D0787586,D0788844,D0787590
D0787586,D0791230,D0787587
D0787586,D0791230,D0787590
D0787586,D0791230,D0788844
D0787587,D0788844,D0787590
D0787587,D0791230,D0787590
D0787587,D0791230,D0788844
D0787590,D0791230,D0788844
D0785087,D0794708,D0787586
D0779589,D0798948,D0786968
D0779589,D0798948,D0788213
D0779589,D0798948,D0789446
D0779589,D0798948,D0790004
D0779589,D0798948,D0791224
D0779589,D0798948,D0791862
D0779589,D0798948,D0796573
D0779589,D0798948,D0790005
D0779589,D0798948,D0791865
D0779589,D0798949,D0786968
D0779589,D0798949,D0788213
D0779589,D0798949,D0789446
D0779589,D0798949,D0790004
D0779589,D0798949,D0791224
D0779589,D0798949,D0791862
D0779589,D0798949,D0796573
D0779589,D0798949,D0798948
D0779589,D0798949,D0790005
D0779589,D0798949,D0791865
D0791865,D0798948,D0796573
D0791865,D0798949,D0796573
D0791865,D0798949,D0798948
D0777246,D0806158,D0781372
D0786971,D0792923,D0788843
D0793472,D0795339,D0794117
D0791866,D0795339,D0793472
D0791866,D0795339,D0794117
D0810817,D0823935,D0818530
D0810817,D0831106,D0823935
D0810817,D0829274,D0818040
D0806789,D0818533,D0814560
D0806789,D0818533,D0815195
D0806789,D0818533,D0815198
D0806789,D0818533,D0806792
D0806789,D0818533,D0813939
D0806789,D0818533,D0813940
D0806789,D0818533,D0809059
D0806789,D0818533,D0818041
D0806789,D0818533,D0817391
D0818533,D0827021,D0821490
D0818533,D0827021,D0822103
D0818533,D0827021,D0826321
D0818533,D0832916,D0827021
D0807426,D0818528,D0807427
D0807426,D0818528,D0809592
D0807426,D0819124,D0818528
D0807426,D0820907,D0818528
D0807426,D0820907,D0819124
D0807426,D0821488,D0818528
D0807426,D0821488,D0819124
D0807426,D0821488,D0820907
D0807426,D0821489,D0818528
D0807426,D0821489,D0819124
D0807426,D0821489,D0820907
D0807426,D0821489,D0821488
D0807426,D0821490,D0818528
D0807426,D0821490,D0819124
D0807426,D0821490,D0820907
D0807426,D0821490,D0821488
D0807426,D0821490,D0821489
D0807426,D0821490,D0808461
D0807426,D0821490,D0809594
D0807426,D0821490,D0811474
D0807426,D0821490,D0812134
D0807426,D0821490,D0812683
D0807426,D0821490,D0812684
D0807426,D0821490,D0815197
D0807426,D0821490,D0818532
D0807426,D0822103,D0818528
D0807426,D0822103,D0819124
D0807426,D0822103,D0820907
D0807426,D0822103,D0821488
D0807426,D0822103,D0821489
D0807426,D0822103,D0821490
D0807426,D0822103,D0812683
D0807426,D0826321,D0818528
D0807426,D0826321,D0819124
D0807426,D0826321,D0820907
D0807426,D0826321,D0821488
D0807426,D0826321,D0821489
D0807426,D0826321,D0821490
D0807426,D0826321,D0822103
D0807426,D0826321,D0812134
D0807426,D0826321,D0812683
D0807426,D0826321,D0810192
D0807426,D0832343,D0818528
D0807426,D0832343,D0819124
D0807426,D0832343,D0820907
D0807426,D0832343,D0821488
D0807426,D0832343,D0821489
D0807426,D0832343,D0821490
D0807426,D0832343,D0822103
D0807426,D0832343,D0826321
D0807426,D0832343,D0808461
D0807426,D0832343,D0809594
D0807426,D0832343,D0811474
D0807426,D0832343,D0812134
D0807426,D0832343,D0812683
D0807426,D0832343,D0812684
D0807426,D0832343,D0815197
D0807426,D0832343,D0818532
D0807426,D0832343,D0827021
D0807426,D0832343,D0832342
D0807426,D0832343,D0810192
D0807426,D0832343,D0815199
D0807426,D0811474,D0808461
D0807426,D0811474,D0809594
D0807426,D0811474,D0807428
D0807426,D0832342,D0821490
D0807426,D0832342,D0808461
D0807426,D0832342,D0809594
D0807426,D0832342,D0811474
D0807426,D0832342,D0812134
D0807426,D0832342,D0812683
D0807426,D0832342,D0812684
D0807426,D0832342,D0815197
D0807426,D0832342,D0818532
D0807426,D0832342,D0827021
D0807426,D0832342,D0807428
D0807426,D0836712,D0811474
D0807426,D0836712,D0832342
D0807426,D0836712,D0807428
D0818528,D0820907,D0819124
D0818528,D0821488,D0819124
D0818528,D0821488,D0820907
D0818528,D0821489,D0819124
D0818528,D0821489,D0820907
D0818528,D0821489,D0821488
D0818528,D0821490,D0819124
D0818528,D0821490,D0820907
D0818528,D0821490,D0821488
D0818528,D0821490,D0821489
D0818528,D0821490,D0818532
D0818528,D0822103,D0819124
D0818528,D0822103,D0820907
D0818528,D0822103,D0821488
D0818528,D0822103,D0821489
D0818528,D0822103,D0821490
D0818528,D0826321,D0819124
D0818528,D0826321,D0820907
D0818528,D0826321,D0821488
D0818528,D0826321,D0821489
D0818528,D0826321,D0821490
D0818528,D0826321,D0822103
D0818528,D0832343,D0819124
D0818528,D0832343,D0820907
D0818528,D0832343,D0821488
D0818528,D0832343,D0821489
D0818528,D0832343,D0821490
D0818528,D0832343,D0822103
D0818528,D0832343,D0826321
D0818528,D0832343,D0818532
D0818528,D0832343,D0827021
D0818528,D0832343,D0832342
D0819124,D0821488,D0820907
D0819124,D0821489,D0820907
D0819124,D0821489,D0821488
D0819124,D0821490,D0820907
D0819124,D0821490,D0821488
D0819124,D0821490,D0821489
D0819124,D0822103,D0820907
D0819124,D0822103,D0821488
D0819124,D0822103,D0821489
D0819124,D0822103,D0821490
D0819124,D0826321,D0820907
D0819124,D0826321,D0821488
D0819124,D0826321,D0821489
D0819124,D0826321,D0821490
D0819124,D0826321,D0822103
D0819124,D0832343,D0820907
D0819124,D0832343,D0821488
D0819124,D0832343,D0821489
D0819124,D0832343,D0821490
D0819124,D0832343,D0822103
D0819124,D0832343,D0826321
D0819124,D0832343,D0827021
D0819124,D0832343,D0832342
D0820907,D0821489,D0821488
D0820907,D0821490,D0821488
D0820907,D0821490,D0821489
D0820907,D0822103,D0821488
D0820907,D0822103,D0821489
D0820907,D0822103,D0821490
D0820907,D0826321,D0821488
D0820907,D0826321,D0821489
D0820907,D0826321,D0821490
D0820907,D0826321,D0822103
D0820907,D0832343,D0821488
D0820907,D0832343,D0821489
D0820907,D0832343,D0821490
D0820907,D0832343,D0822103
D0820907,D0832343,D0826321
D0820907,D0832343,D0827021
D0820907,D0832343,D0832342
D0821488,D0821490,D0821489
D0821488,D0822103,D0821489
D0821488,D0822103,D0821490
D0821488,D0826321,D0821489
D0821488,D0826321,D0821490
D0821488,D0826321,D0822103
D0821488,D0832343,D0821489
D0821488,D0832343,D0821490
D0821488,D0832343,D0822103
D0821488,D0832343,D0826321
D0821488,D0832343,D0827021
D0821488,D0832343,D0832342
D0821489,D0822103,D0821490
D0821489,D0826321,D0821490
D0821489,D0826321,D0822103
D0821489,D0832343,D0821490
D0821489,D0832343,D0822103
D0821489,D0832343,D0826321
D0821489,D0832343,D0827021
D0821489,D0832343,D0832342
D0821490,D0826321,D0822103
D0821490,D0832343,D0822103
D0821490,D0832343,D0826321
D0821490,D0832343,D0827021
D0821490,D0832343,D0832342
D0821490,D0827021,D0822103
D0821490,D0827021,D0826321
D0821490,D0832342,D0827021
D0821490,D0830451,D0822103
D0821490,D0830451,D0826321
D0821490,D0830451,D0827021
D0822103,D0832343,D0826321
D0822103,D0832343,D0827021
D0822103,D0832343,D0832342
D0822103,D0827021,D0826321
D0822103,D0830451,D0826321
D0822103,D0830451,D0827021
D0826321,D0832343,D0827021
D0826321,D0832343,D0832342
D0826321,D0830451,D0827021
D0807427,D0809592,D0808461
D0807427,D0818528,D0809592
D0807427,D0809594,D0809592
D0807427,D0809594,D0808461
D0807427,D0812684,D0809592
D0807427,D0812684,D0808461
D0807427,D0812684,D0809594
D0807427,D0812684,D0811474
D0807427,D0812684,D0812134
D0807427,D0812684,D0812683
D0809592,D0812684,D0809594
D0809592,D0812684,D0811474
D0809592,D0812684,D0812134
D0809592,D0812684,D0812683
D0807955,D0832338,D0831738
D0814560,D0818533,D0815195
D0814560,D0818533,D0815198
D0814560,D0818533,D0818041
D0814560,D0818533,D0817391
D0815195,D0818533,D0815198
D0815195,D0818533,D0818041
D0815195,D0818533,D0817391
D0816156,D0827022,D0817388
D0806783,D0836711,D0806784
D0808461,D0809594,D0809592
D0808461,D0811474,D0809594
D0808461,D0812134,D0809594
D0808461,D0812134,D0811474
D0808461,D0812683,D0809594
D0808461,D0812683,D0811474
D0808461,D0812683,D0812134
D0808461,D0812684,D0809592
D0808461,D0812684,D0809594
D0808461,D0812684,D0811474
D0808461,D0812684,D0812134
D0808461,D0812684,D0812683
D0808461,D0815197,D0809594
D0808461,D0815197,D0811474
D0808461,D0815197,D0812134
D0808461,D0815197,D0812683
D0808461,D0815197,D0812684
D0808461,D0818532,D0809594
D0808461,D0818532,D0811474
D0808461,D0818532,D0812134
D0808461,D0818532,D0812683
D0808461,D0818532,D0812684
D0808461,D0818532,D0815197
D0808461,D0821490,D0818528
D0808461,D0821490,D0819124
D0808461,D0821490,D0820907
D0808461,D0821490,D0821488
D0808461,D0821490,D0821489
D0808461,D0821490,D0809594
D0808461,D0821490,D0811474
D0808461,D0821490,D0812134
D0808461,D0821490,D0812683
D0808461,D0821490,D0812684
D0808461,D0821490,D0815197
D0808461,D0821490,D0818532
D0808461,D0827021,D0818533
D0808461,D0827021,D0821490
D0808461,D0827021,D0822103
D0808461,D0827021,D0826321
D0808461,D0827021,D0809594
D0808461,D0827021,D0811474
D0808461,D0827021,D0812134
D0808461,D0827021,D0812683
D0808461,D0827021,D0812684
D0808461,D0827021,D0815197
D0808461,D0827021,D0818532
D0808461,D0827021,D0813939
D0808461,D0827021,D0813940
D0808461,D0832342,D0821490
D0808461,D0832342,D0809594
D0808461,D0832342,D0811474
D0808461,D0832342,D0812134
D0808461,D0832342,D0812683
D0808461,D0832342,D0812684
D0808461,D0832342,D0815197
D0808461,D0832342,D0818532
D0808461,D0832342,D0827021
D0808461,D0832343,D0818528
D0808461,D0832343,D0819124
D0808461,D0832343,D0820907
D0808461,D0832343,D0821488
D0808461,D0832343,D0821489
D0808461,D0832343,D0821490
D0808461,D0832343,D0822103
D0808461,D0832343,D0826321
D0808461,D0832343,D0809594
D0808461,D0832343,D0811474
D0808461,D0832343,D0812134
D0808461,D0832343,D0812683
D0808461,D0832343,D0812684
D0808461,D0832343,D0815197
D0808461,D0832343,D0818532
D0808461,D0832343,D0827021
D0808461,D0832343,D0832342
D0808461,D0832343,D0810192
D0808461,D0832343,D0815199
D0809594,D0812134,D0811474
D0809594,D0812683,D0811474
D0809594,D0812683,D0812134
D0809594,D0812684,D0811474
D0809594,D0812684,D0812134
D0809594,D0812684,D0812683
D0809594,D0815197,D0811474
D0809594,D0815197,D0812134
D0809594,D0815197,D0812683
D0809594,D0815197,D0812684
D0809594,D0818532,D0811474
D0809594,D0818532,D0812134
D0809594,D0818532,D0812683
D0809594,D0818532,D0812684
D0809594,D0818532,D0815197
D0809594,D0821490,D0818528
D0809594,D0821490,D0819124
D0809594,D0821490,D0820907
D0809594,D0821490,D0821488
D0809594,D0821490,D0821489
D0809594,D0821490,D0811474
D0809594,D0821490,D0812134
D0809594,D0821490,D0812683
D0809594,D0821490,D0812684
D0809594,D0821490,D0815197
D0809594,D0821490,D0818532
D0809594,D0827021,D0818533
D0809594,D0827021,D0821490
D0809594,D0827021,D0822103
D0809594,D0827021,D0826321
D0809594,D0827021,D0811474
D0809594,D0827021,D0812134
D0809594,D0827021,D0812683
D0809594,D0827021,D0812684
D0809594,D0827021,D0815197
D0809594,D0827021,D0818532
D0809594,D0827021,D0813939
D0809594,D0827021,D0813940
D0809594,D0832342,D0821490
D0809594,D0832342,D0811474
D0809594,D0832342,D0812134
D0809594,D0832342,D0812683
D0809594,D0832342,D0812684
D0809594,D0832342,D0815197
D0809594,D0832342,D0818532
D0809594,D0832342,D0827021
D0809594,D0832343,D0818528
D0809594,D0832343,D0819124
D0809594,D0832343,D0820907
D0809594,D0832343,D0821488
D0809594,D0832343,D0821489
D0809594,D0832343,D0821490
D0809594,D0832343,D0822103
D0809594,D0832343,D0826321
D0809594,D0832343,D0811474
D0809594,D0832343,D0812134
D0809594,D0832343,D0812683
D0809594,D0832343,D0812684
D0809594,D0832343,D0815197
D0809594,D0832343,D0818532
D0809594,D0832343,D0827021
D0809594,D0832343,D0832342
D0809594,D0832343,D0810192
D0809594,D0832343,D0815199
D0811474,D0812683,D0812134
D0811474,D0812684,D0812134
D0811474,D0812684,D0812683
D0811474,D0815197,D0812134
D0811474,D0815197,D0812683
D0811474,D0815197,D0812684
D0811474,D0818532,D0812134
D0811474,D0818532,D0812683
D0811474,D0818532,D0812684
D0811474,D0818532,D0815197
D0811474,D0821490,D0818528
D0811474,D0821490,D0819124
D0811474,D0821490,D0820907
D0811474,D0821490,D0821488
D0811474,D0821490,D0821489
D0811474,D0821490,D0812134
D0811474,D0821490,D0812683
D0811474,D0821490,D0812684
D0811474,D0821490,D0815197
D0811474,D0821490,D0818532
D0811474,D0827021,D0818533
D0811474,D0827021,D0821490
D0811474,D0827021,D0822103
D0811474,D0827021,D0826321
D0811474,D0827021,D0812134
D0811474,D0827021,D0812683
D0811474,D0827021,D0812684
D0811474,D0827021,D0815197
D0811474,D0827021,D0818532
D0811474,D0827021,D0813939
D0811474,D0827021,D0813940
D0811474,D0832342,D0821490
D0811474,D0832342,D0812134
D0811474,D0832342,D0812683
D0811474,D0832342,D0812684
D0811474,D0832342,D0815197
D0811474,D0832342,D0818532
D0811474,D0832342,D0827021
D0811474,D0832343,D0818528
D0811474,D0832343,D0819124
D0811474,D0832343,D0820907
D0811474,D0832343,D0821488
D0811474,D0832343,D0821489
D0811474,D0832343,D0821490
D0811474,D0832343,D0822103
D0811474,D0832343,D0826321
D0811474,D0832343,D0812134
D0811474,D0832343,D0812683
D0811474,D0832343,D0812684
D0811474,D0832343,D0815197
D0811474,D0832343,D0818532
D0811474,D0832343,D0827021
D0811474,D0832343,D0832342
D0811474,D0832343,D0815199
D0811474,D0836712,D0832342
D0811474,D0815199,D0815197
D0812134,D0812684,D0812683
D0812134,D0815197,D0812683
D0812134,D0815197,D0812684
D0812134,D0818532,D0812683
D0812134,D0818532,D0812684
D0812134,D0818532,D0815197
D0812134,D0821490,D0818528
D0812134,D0821490,D0819124
D0812134,D0821490,D0820907
D0812134,D0821490,D0821488
D0812134,D0821490,D0821489
D0812134,D0821490,D0812683
D0812134,D0821490,D0812684
D0812134,D0821490,D0815197
D0812134,D0821490,D0818532
D0812134,D0827021,D0818533
D0812134,D0827021,D0821490
D0812134,D0827021,D0822103
D0812134,D0827021,D0826321
D0812134,D0827021,D0812683
D0812134,D0827021,D0812684
D0812134,D0827021,D0815197
D0812134,D0827021,D0818532
D0812134,D0827021,D0813939
D0812134,D0827021,D0813940
D0812134,D0832342,D0821490
D0812134,D0832342,D0812683
D0812134,D0832342,D0812684
D0812134,D0832342,D0815197
D0812134,D0832342,D0818532
D0812134,D0832342,D0827021
D0812134,D0832343,D0818528
D0812134,D0832343,D0819124
D0812134,D0832343,D0820907
D0812134,D0832343,D0821488
D0812134,D0832343,D0821489
D0812134,D0832343,D0821490
D0812134,D0832343,D0822103
D0812134,D0832343,D0826321
D0812134,D0832343,D0812683
D0812134,D0832343,D0812684
D0812134,D0832343,D0815197
D0812134,D0832343,D0818532
D0812134,D0832343,D0827021
D0812134,D0832343,D0832342
D0812134,D0832343,D0815199
D0812134,D0826321,D0818528
D0812134,D0826321,D0819124
D0812134,D0826321,D0820907
D0812134,D0826321,D0821488
D0812134,D0826321,D0821489
D0812134,D0826321,D0821490
D0812134,D0826321,D0822103
D0812134,D0826321,D0812683
D0812683,D0815197,D0812684
D0812683,D0818532,D0812684
D0812683,D0818532,D0815197
D0812683,D0821490,D0818528
D0812683,D0821490,D0819124
D0812683,D0821490,D0820907
D0812683,D0821490,D0821488
D0812683,D0821490,D0821489
D0812683,D0821490,D0812684
D0812683,D0821490,D0815197
D0812683,D0821490,D0818532
D0812683,D0827021,D0818533
D0812683,D0827021,D0821490
D0812683,D0827021,D0822103
D0812683,D0827021,D0826321
D0812683,D0827021,D0812684
D0812683,D0827021,D0815197
D0812683,D0827021,D0818532
D0812683,D0827021,D0813939
D0812683,D0827021,D0813940
D0812683,D0832342,D0821490
D0812683,D0832342,D0812684
D0812683,D0832342,D0815197
D0812683,D0832342,D0818532
D0812683,D0832342,D0827021
D0812683,D0832343,D0818528
D0812683,D0832343,D0819124
D0812683,D0832343,D0820907
D0812683,D0832343,D0821488
D0812683,D0832343,D0821489
D0812683,D0832343,D0821490
D0812683,D0832343,D0822103
D0812683,D0832343,D0826321
D0812683,D0832343,D0812684
D0812683,D0832343,D0815197
D0812683,D0832343,D0818532
D0812683,D0832343,D0827021
D0812683,D0832343,D0832342
D0812683,D0832343,D0815199
D0812683,D0822103,D0818528
D0812683,D0822103,D0819124
D0812683,D0822103,D0820907
D0812683,D0822103,D0821488
D0812683,D0822103,D0821489
D0812683,D0822103,D0821490
D0812683,D0826321,D0818528
D0812683,D0826321,D0819124
D0812683,D0826321,D0820907
D0812683,D0826321,D0821488
D0812683,D0826321,D0821489
D0812683,D0826321,D0821490
D0812683,D0826321,D0822103
D0812683,D0830451,D0821490
D0812683,D0830451,D0822103
D0812683,D0830451,D0826321
D0812683,D0830451,D0827021
D0812684,D0818532,D0815197
D0812684,D0821490,D0818528
D0812684,D0821490,D0819124
D0812684,D0821490,D0820907
D0812684,D0821490,D0821488
D0812684,D0821490,D0821489
D0812684,D0821490,D0815197
D0812684,D0821490,D0818532
D0812684,D0827021,D0818533
D0812684,D0827021,D0821490
D0812684,D0827021,D0822103
D0812684,D0827021,D0826321
D0812684,D0827021,D0815197
D0812684,D0827021,D0818532
D0812684,D0827021,D0813939
D0812684,D0827021,D0813940
D0812684,D0832342,D0821490
D0812684,D0832342,D0815197
D0812684,D0832342,D0818532
D0812684,D0832342,D0827021
D0812684,D0832343,D0818528
D0812684,D0832343,D0819124
D0812684,D0832343,D0820907
D0812684,D0832343,D0821488
D0812684,D0832343,D0821489
D0812684,D0832343,D0821490
D0812684,D0832343,D0822103
D0812684,D0832343,D0826321
D0812684,D0832343,D0815197
D0812684,D0832343,D0818532
D0812684,D0832343,D0827021
D0812684,D0832343,D0832342
D0812684,D0832343,D0815199
D0815197,D0821490,D0818528
D0815197,D0821490,D0819124
D0815197,D0821490,D0820907
D0815197,D0821490,D0821488
D0815197,D0821490,D0821489
D0815197,D0821490,D0818532
D0815197,D0827021,D0818533
D0815197,D0827021,D0821490
D0815197,D0827021,D0822103
D0815197,D0827021,D0826321
D0815197,D0827021,D0818532
D0815197,D0832342,D0821490
D0815197,D0832342,D0818532
D0815197,D0832342,D0827021
D0815197,D0832343,D0818528
D0815197,D0832343,D0819124
D0815197,D0832343,D0820907
D0815197,D0832343,D0821488
D0815197,D0832343,D0821489
D0815197,D0832343,D0821490
D0815197,D0832343,D0822103
D0815197,D0832343,D0826321
D0815197,D0832343,D0818532
D0815197,D0832343,D0827021
D0815197,D0832343,D0832342
D0815197,D0832343,D0815199
D0815197,D0836713,D0824996
D0818532,D0821490,D0819124
D0818532,D0821490,D0820907
D0818532,D0821490,D0821488
D0818532,D0821490,D0821489
D0818532,D0827021,D0818533
D0818532,D0827021,D0821490
D0818532,D0827021,D0822103
D0818532,D0827021,D0826321
D0818532,D0832342,D0821490
D0818532,D0832342,D0827021
D0818532,D0832343,D0819124
D0818532,D0832343,D0820907
D0818532,D0832343,D0821488
D0818532,D0832343,D0821489
D0818532,D0832343,D0821490
D0818532,D0832343,D0822103
D0818532,D0832343,D0826321
D0818532,D0832343,D0827021
D0818532,D0832343,D0832342
D0827021,D0832343,D0832342
D0810816,D0831106,D0823935
D0810816,D0831106,D0810817
D0810816,D0814559,D0811472
D0815198,D0827020,D0826317
D0815198,D0818533,D0818041
D0815198,D0818533,D0817391
D0810194,D0826319,D0824455
D0806791,D0818534,D0810194
D0810820,D0836714,D0813296
D0810820,D0833521,D0826320
D0806792,D0813940,D0813939
D0806792,D0818533,D0814560
D0806792,D0818533,D0815195
D0806792,D0818533,D0815198
D0806792,D0818533,D0813939
D0806792,D0818533,D0813940
D0806792,D0818533,D0809059
D0806792,D0818533,D0818041
D0806792,D0818533,D0817391
D0806792,D0827021,D0818533
D0806792,D0827021,D0821490
D0806792,D0827021,D0822103
D0806792,D0827021,D0826321
D0806792,D0827021,D0808461
D0806792,D0827021,D0809594
D0806792,D0827021,D0811474
D0806792,D0827021,D0812134
D0806792,D0827021,D0812683
D0806792,D0827021,D0812684
D0806792,D0827021,D0815197
D0806792,D0827021,D0818532
D0806792,D0827021,D0813939
D0806792,D0827021,D0813940
D0806792,D0832916,D0818533
D0806792,D0832916,D0827021
D0806792,D0832916,D0813939
D0806792,D0832916,D0813940
D0813939,D0818533,D0814560
D0813939,D0818533,D0815195
D0813939,D0818533,D0815198
D0813939,D0818533,D0813940
D0813939,D0818533,D0818041
D0813939,D0818533,D0817391
D0813939,D0827021,D0818533
D0813939,D0827021,D0821490
D0813939,D0827021,D0822103
D0813939,D0827021,D0826321
D0813939,D0827021,D0815197
D0813939,D0827021,D0818532
D0813939,D0827021,D0813940
D0813939,D0832916,D0818533
D0813939,D0832916,D0827021
D0813939,D0832916,D0813940
D0813940,D0818533,D0814560
D0813940,D0818533,D0815195
D0813940,D0818533,D0815198
D0813940,D0818533,D0818041
D0813940,D0818533,D0817391
D0813940,D0827021,D0818533
D0813940,D0827021,D0821490
D0813940,D0827021,D0822103
D0813940,D0827021,D0826321
D0813940,D0827021,D0815197
D0813940,D0827021,D0818532
D0813940,D0832916,D0818533
D0813940,D0832916,D0827021
D0824454,D0824995,D0824994
D0810192,D0826321,D0818528
D0810192,D0826321,D0819124
D0810192,D0826321,D0820907
D0810192,D0826321,D0821488
D0810192,D0826321,D0821489
D0810192,D0826321,D0821490
D0810192,D0826321,D0822103
D0810192,D0826321,D0812134
D0810192,D0826321,D0812683
D0810192,D0832343,D0818528
D0810192,D0832343,D0819124
D0810192,D0832343,D0820907
D0810192,D0832343,D0821488
D0810192,D0832343,D0821489
D0810192,D0832343,D0821490
D0810192,D0832343,D0822103
D0810192,D0832343,D0826321
D0810192,D0832343,D0811474
D0810192,D0832343,D0812134
D0810192,D0832343,D0812683
D0810192,D0832343,D0812684
D0810192,D0832343,D0815197
D0810192,D0832343,D0818532
D0810192,D0832343,D0827021
D0810192,D0832343,D0832342
D0810192,D0832343,D0815199
D0806790,D0828442,D0815683
D0806790,D0829276,D0815683
D0806790,D0829276,D0828442
D0815683,D0829276,D0828442
D0809596,D0823941,D0815200
D0809596,D0829816,D0815200
D0809596,D0829816,D0823941
D0815200,D0829816,D0823941
D0809059,D0818533,D0814560
D0809059,D0818533,D0815195
D0809059,D0818533,D0815198
D0809059,D0818533,D0813939
D0809059,D0818533,D0813940
D0809059,D0818533,D0818041
D0809059,D0818533,D0817391
D0817391,D0818533,D0818041
D0812678,D0829277,D0826320
D0832340,D0833520,D0833519
D0828868,D0829814,D0829813
D0806785,D0810190,D0807425
D0807428,D0811474,D0808461
D0807428,D0811474,D0809594
D0807428,D0832342,D0821490
D0807428,D0832342,D0808461
D0807428,D0832342,D0809594
D0807428,D0832342,D0811474
D0807428,D0832342,D0812134
D0807428,D0832342,D0812683
D0807428,D0832342,D0812684
D0807428,D0832342,D0815197
D0807428,D0832342,D0818532
D0807428,D0832342,D0827021
D0807428,D0836712,D0811474
D0807428,D0836712,D0832342
D0807424,D0811472,D0810816
D0807424,D0814559,D0810816
D0807424,D0814559,D0811472
D0815199,D0832343,D0818528
D0815199,D0832343,D0819124
D0815199,D0832343,D0820907
D0815199,D0832343,D0821488
D0815199,D0832343,D0821489
D0815199,D0832343,D0821490
D0815199,D0832343,D0822103
D0815199,D0832343,D0826321
D0815199,D0832343,D0818532
D0815199,D0832343,D0827021
D0815199,D0832343,D0832342
D0810819,D0823383,D0812136
D0810819,D0823384,D0812136
D0810819,D0823384,D0823383
D0812136,D0823384,D0823383
D0807429,D0823383,D0810819
D0807429,D0823383,D0812136
D0807429,D0823384,D0810819
D0807429,D0823384,D0812136
D0807429,D0823384,D0823383
D0816153,D0829813,D0828868
D0816153,D0829814,D0828868
D0816153,D0829814,D0829813
D0856410,D0871500,D0861778
D0856413,D0861781,D0861067
D0856413,D0867445,D0861067
D0856413,D0867445,D0861781
D0856413,D0868885,D0861067
D0856413,D0868885,D0861781
D0856413,D0868885,D0867445
D0861067,D0867445,D0861781
D0861067,D0868885,D0861781
D0861067,D0868885,D0867445
D0861781,D0868885,D0867445
D0861781,D0868151,D0865052
D0843441,D0844049,D0843442
D0843441,D0844700,D0843442
D0843441,D0844700,D0844049
D0843441,D0846633,D0843442
D0843441,D0846633,D0844049
D0843441,D0846633,D0844700
D0843442,D0844700,D0844049
D0843442,D0846633,D0844049
D0843442,D0846633,D0844700
D0844049,D0846633,D0844700
D0841731,D0868884,D0868151
D0841731,D0868884,D0857793
D0841731,D0868884,D0865052
D0848525,D0861781,D0856413
D0848525,D0861781,D0861067
D0848525,D0861781,D0849134
D0848525,D0868151,D0861781
D0848525,D0868151,D0849134
D0848525,D0868151,D0865052
D0849134,D0861781,D0856413
D0849134,D0861781,D0861067
D0849134,D0868151,D0861781
D0849134,D0868151,D0865052
D0844046,D0851697,D0844047
D0844046,D0851697,D0851169
D0844046,D0857791,D0851697
D0844046,D0852268,D0844696
D0851697,D0860307,D0859516
D0838770,D0851169,D0844047
D0838770,D0851697,D0844046
D0838770,D0851697,D0844047
D0838770,D0851697,D0851169
D0838770,D0859516,D0851697
D0838770,D0859516,D0844047
D0838770,D0859516,D0851169
D0838770,D0860307,D0851697
D0838770,D0860307,D0844047
D0838770,D0860307,D0851169
D0838770,D0860307,D0859516
D0844047,D0851697,D0851169
D0844047,D0859516,D0851697
D0844047,D0859516,D0851169
D0844047,D0860307,D0851697
D0844047,D0860307,D0851169
D0844047,D0860307,D0859516
D0851169,D0859516,D0851697
D0851169,D0860307,D0851697
D0851169,D0860307,D0859516
D0840467,D0849132,D0845384
D0840467,D0849133,D0849132
D0844699,D0854079,D0844702
D0854079,D0861065,D0857092
D0854079,D0861065,D0858627
D0844702,D0861065,D0854079
D0844702,D0861065,D0857092
D0844702,D0861065,D0858627
D0837292,D0857793,D0841731
D0837292,D0868884,D0841731
D0837292,D0868884,D0868151
D0837292,D0868884,D0857793
D0837292,D0868884,D0865052
D0857793,D0868884,D0868151
D0857793,D0868884,D0865052
D0838772,D0850530,D0843444
D0857092,D0861065,D0858627
D0865052,D0868884,D0868151
D0844045,D0871499,D0850524
D0876537,D0888150,D0886901
D0882677,D0882679,D0882678
D0880580,D0886189,D0881269
D0880580,D0886190,D0881269
D0880580,D0886190,D0886189
D0881269,D0886190,D0886189
D0876535,D0894267,D0879194
D0876535,D0906415,D0879194
D0876535,D0906415,D0894267
D0876535,D0906416,D0879194
D0876535,D0906416,D0894267
D0876535,D0906416,D0906415
D0879194,D0906415,D0894267
D0879194,D0906416,D0894267
D0879194,D0906416,D0906415
D0894267,D0906416,D0906415
D0873333,D0893603,D0881987
D0873333,D0894272,D0881987
D0873333,D0894272,D0893603
D0881987,D0894272,D0893603
D0892919,D0897421,D0892924
D0872171,D0883373,D0882676
D0879873,D0886896,D0886187
D0879873,D0886897,D0886187
D0879873,D0886897,D0886896
D0886187,D0886897,D0886896
D0912135,D0916182,D0916181
D0912135,D0916183,D0916181
D0912135,D0916183,D0916182
D0912135,D0917614,D0916181
D0912135,D0917614,D0916182
D0912135,D0917614,D0916183
D0916181,D0916183,D0916182
D0916181,D0917614,D0916182
D0916181,D0917614,D0916183
D0916182,D0917614,D0916183
D0907701,D0915505,D0911436
D0907701,D0923702,D0911436
D0907701,D0923702,D0915505
D0911436,D0923702,D0915505
D0911434,D0923698,D0916956
D0911434,D0923699,D0923698
D0911434,D0923699,D0916956
D0908789,D0924318,D0913367
D0908789,D0933742,D0913367
D0908789,D0933742,D0924318
D0913367,D0933742,D0924318
D0916956,D0923699,D0923698
D0942535,D0952031,D0949237
D0942535,D0952032,D0949237
D0942535,D0952032,D0952031
D0942535,D0956137,D0949237
D0942535,D0956137,D0952031
D0942535,D0956137,D0952032
D0942535,D0958882,D0949237
D0942535,D0958882,D0952031
D0942535,D0958882,D0952032
D0942535,D0958882,D0956137
D0942535,D0964459,D0949237
D0942535,D0964459,D0952031
D0942535,D0964459,D0952032
D0942535,D0964459,D0956137
D0942535,D0964459,D0958882
D0942535,D0964460,D0949237
D0942535,D0964460,D0952031
D0942535,D0964460,D0952032
D0942535,D0964460,D0956137
D0942535,D0964460,D0958882
D0942535,D0964460,D0964459
D0942535,D0970605,D0949237
D0942535,D0970605,D0952031
D0942535,D0970605,D0952032
D0942535,D0970605,D0956137
D0942535,D0970605,D0958882
D0942535,D0970605,D0964459
D0942535,D0970605,D0964460
D0942535,D0970606,D0949237
D0942535,D0970606,D0952031
D0942535,D0970606,D0952032
D0942535,D0970606,D0956137
D0942535,D0970606,D0958882
D0942535,D0970606,D0964459
D0942535,D0970606,D0964460
D0942535,D0970606,D0970605
D0942535,D0946651,D0943662
D0949237,D0952032,D0952031
D0949237,D0956137,D0952031
D0949237,D0956137,D0952032
D0949237,D0958882,D0952031
D0949237,D0958882,D0952032
D0949237,D0958882,D0956137
D0949237,D0964459,D0952031
D0949237,D0964459,D0952032
D0949237,D0964459,D0956137
D0949237,D0964459,D0958882
D0949237,D0964460,D0952031
D0949237,D0964460,D0952032
D0949237,D0964460,D0956137
D0949237,D0964460,D0958882
D0949237,D0964460,D0964459
D0949237,D0970605,D0952031
D0949237,D0970605,D0952032
D0949237,D0970605,D0956137
D0949237,D0970605,D0958882
D0949237,D0970605,D0964459
D0949237,D0970605,D0964460
D0949237,D0970606,D0952031
D0949237,D0970606,D0952032
D0949237,D0970606,D0956137
D0949237,D0970606,D0958882
D0949237,D0970606,D0964459
D0949237,D0970606,D0964460
D0949237,D0970606,D0970605
D0952031,D0956137,D0952032
D0952031,D0958882,D0952032
D0952031,D0958882,D0956137
D0952031,D0964459,D0952032
D0952031,D0964459,D0956137
D0952031,D0964459,D0958882
D0952031,D0964460,D0952032
D0952031,D0964460,D0956137
D0952031,D0964460,D0958882
D0952031,D0964460,D0964459
D0952031,D0970605,D0952032
D0952031,D0970605,D0956137
D0952031,D0970605,D0958882
D0952031,D0970605,D0964459
D0952031,D0970605,D0964460
D0952031,D0970606,D0952032
D0952031,D0970606,D0956137
D0952031,D0970606,D0958882
D0952031,D0970606,D0964459
D0952031,D0970606,D0964460
D0952031,D0970606,D0970605
D0952032,D0958882,D0956137
D0952032,D0964459,D0956137
D0952032,D0964459,D0958882
D0952032,D0964460,D0956137
D0952032,D0964460,D0958882
D0952032,D0964460,D0964459
D0952032,D0970605,D0956137
D0952032,D0970605,D0958882
D0952032,D0970605,D0964459
D0952032,D0970605,D0964460
D0952032,D0970606,D0956137
D0952032,D0970606,D0958882
D0952032,D0970606,D0964459
D0952032,D0970606,D0964460
D0952032,D0970606,D0970605
D0956137,D0964459,D0958882
D0956137,D0964460,D0958882
D0956137,D0964460,D0964459
D0956137,D0970605,D0958882
D0956137,D0970605,D0964459
D0956137,D0970605,D0964460
D0956137,D0970606,D0958882
D0956137,D0970606,D0964459
D0956137,D0970606,D0964460
D0956137,D0970606,D0970605
D0958882,D0964460,D0964459
D0958882,D0970605,D0964459
D0958882,D0970605,D0964460
D0958882,D0970606,D0964459
D0958882,D0970606,D0964460
D0958882,D0970606,D0970605
D0964459,D0970605,D0964460
D0964459,D0970606,D0964460
D0964459,D0970606,D0970605
D0964460,D0970606,D0970605
D0956136,D0958236,D0957517
D0946651,D0956133,D0948606
D0946651,D0956861,D0948606
D0946651,D0956861,D0956133
D0946651,D0973766,D0948606
D0946651,D0973766,D0956133
D0946651,D0973766,D0956861
D0943662,D0948606,D0946651
D0943662,D0956133,D0946651
D0943662,D0956133,D0948606
D0943662,D0956861,D0946651
D0943662,D0956861,D0948606
D0943662,D0956861,D0956133
D0943662,D0973766,D0946651
D0943662,D0973766,D0948606
D0943662,D0973766,D0956133
D0943662,D0973766,D0956861
D0948606,D0956861,D0956133
D0948606,D0973766,D0956133
D0948606,D0973766,D0956861
D0956133,D0973766,D0956861
